Timestamp,Accel X,Accel Y,Accel Z,Gyro X,Gyro Y,Gyro Z,Start Flag
1,0.80847168,-0.412353516,0.3359375,4.272460938,-4.577636719,-4.150390625,0
2,0.915893555,-0.400756836,0.312866211,-3.11279273,4.943847656,6.591796398,0
3,0.85925293,-0.431396484,0.334716797,2.807616949,1.403808475,-1.220703125,0
4,0.825927734,-0.414306641,0.338256836,-1.037597656,-0.24414061,-4.028320313,0
5,0.825927734,-0.40637207,0.330932617,-0.793456972,-0.122070305,-1.586913943,0
6,0.829223633,-0.424316406,0.34753418,-1.342773318,0.366210908,-0.671386659,0
7,0.826538086,-0.421875,0.346923828,-5.126952648,-0.48828122,0.427246064,0
8,0.822875977,-0.420166016,0.352416992,-5.004882813,-1.220703125,-2.197265625,0
9,0.833007813,-0.407592773,0.347290039,-5.615233898,-1.281738162,-1.220703125,0
10,0.858642578,-0.417724609,0.347045898,-1.281738162,1.159667969,-0.305175781,0
11,0.808959961,-0.421875,0.343017578,1.037597656,1.770019412,1.6479491,0
12,0.761352539,-0.37902832,0.327514648,-3.173827887,10.13183498,12.02392483,0
13,0.663574219,-0.302856445,0.203857422,-7.934569836,15.56396389,10.86425686,0
14,0.702392578,-0.226074219,0.158569336,0.24414061,28.32031059,7.019042492,0
15,0.736450195,-0.291748047,0.244262695,-1.281738162,14.77050686,4.760742188,0
16,0.935424805,-0.386108398,0.263427734,-2.014160156,13.67187405,3.60107398,0
17,1.042602539,-0.347412109,0.242431641,-3.356933355,10.49804592,10.62011623,0
18,1.210083008,-0.432739258,0.1484375,-4.39453125,4.211425781,8.544921875,0
19,1.422241211,-0.380981445,0.192871094,2.685546637,3.356933355,7.690429211,0
20,1.248168945,-0.375610352,0.274780273,-1.281738162,-13.91601467,-2.502441406,0
21,1.15234375,-0.337768555,0.213134766,-1.281738162,-14.89257717,-9.399414063,0
22,0.976074219,-0.290161133,0.227661133,6.958007336,-10.8032217,-8.483886719,0
23,0.769165039,-0.257568359,0.258422852,7.324218273,-14.09912014,-7.690429211,0
24,0.436279297,-0.208129883,0.229736328,-7.019042492,-22.46093559,-18.73779297,0
25,0.708740234,-0.285766602,0.199829102,-10.8032217,-12.32910061,-15.44189358,0
26,1.047241211,-0.3515625,0.212768555,-16.84570313,-0.48828122,-13.06152248,0
27,0.768554688,-0.424194336,0.336791992,2.014160156,25.02441216,10.43701077,0
28,0.840454102,-0.443481445,0.296630859,2.075195313,2.929687262,-0.610351563,0
29,0.962036133,-0.36340332,0.238037109,-1.770019412,11.10839748,7.873534679,0
30,0.841308594,-0.327270508,0.253662109,4.333496094,-0.427246064,3.051757574,0
31,0.92980957,-0.364379883,0.249267578,10.00976563,2.502441406,4.699707031,1
32,0.883300781,-0.388549805,0.214477539,12.32910061,1.159667969,1.220703125,1
33,0.864501953,-0.369262695,0.24230957,4.638671875,-2.807616949,-0.061035153,1
34,0.896240234,-0.371582031,0.239257813,0.48828122,-0.610351563,2.258300781,1
35,0.894287109,-0.378417969,0.237548828,2.685546637,-3.967284918,-2.014160156,1
36,0.895751953,-0.37487793,0.245117188,0.48828122,-1.892089725,-1.098632813,1
37,0.869384766,-0.371826172,0.249511719,0.24414061,-1.770019412,-0.122070305,1
38,0.876708984,-0.373779297,0.248535156,-0.48828122,-0.854492128,-0.061035153,1
39,0.883422852,-0.376831055,0.252441406,-0.122070305,-1.586913943,0.427246064,1
40,0.864624023,-0.357055664,0.232910156,3.784179449,-3.295898199,2.258300781,1
41,0.658813477,-0.270507813,0.1875,4.272460938,-0.427246064,6.835937023,1
42,0.532104492,-0.289428711,0.23046875,1.037597656,13.12255764,12.69531155,1
43,0.756225586,-0.371337891,0.323852539,-14.40429592,-12.02392483,4.39453125,1
44,1.107788086,-0.377929688,0.299560547,-18.00537109,-15.86913967,-9.216308594,1
45,0.904785156,-0.265625,0.177001953,-1.098632813,-1.281738162,-10.8032217,1
46,0.878417969,-0.410522461,0.243530273,20.50781059,-5.615233898,-12.45117092,1
47,1.046020508,-0.552124023,0.291748047,20.50781059,15.56396389,7.629394054,1
48,1.26550293,-0.566040039,0.27734375,-16.96777344,2.62451148,5.126952648,1
49,1.361938477,-0.513671875,0.262939453,-12.93945217,2.868652105,4.150390625,1
50,1.084472656,-0.377441406,0.253173828,-3.417968512,0.305175781,15.99120998,1
51,0.837524414,-0.305664063,0.206054688,3.906249762,-20.56884575,3.784179449,1
52,0.603515625,-0.216308594,0.172119141,3.295898199,-39.18457031,-18.49365234,1
53,0.515136719,-0.182128906,0.167724609,-0.427246064,-31.73827934,-26.18408012,1
54,0.693847656,-0.404418945,0.28515625,4.150390625,29.17480278,6.408690929,1
55,0.841674805,-0.393676758,0.312255859,-2.929687262,-6.958007336,6.103515148,1
56,0.844116211,-0.448364258,0.322143555,3.60107398,10.31494045,4.089355469,1
57,0.856201172,-0.402099609,0.319335938,-1.037597656,2.563476324,0.671386659,1
58,0.862060547,-0.390380859,0.321655273,0.061035153,1.6479491,1.892089725,1
59,0.861938477,-0.357055664,0.325439453,0.793456972,0.427246064,1.403808475,1
60,0.878540039,-0.372680664,0.323608398,0.24414061,0.549316406,3.967284918,2
61,0.866577148,-0.384521484,0.316894531,-2.136230469,5.737304211,3.540038824,2
62,0.86340332,-0.37121582,0.309082031,-3.723144293,3.417968512,-1.892089725,2
63,0.883178711,-0.365600586,0.297241211,-1.281738162,6.591796398,-2.502441406,2
64,0.895141602,-0.388305664,0.294433594,-2.62451148,3.662109137,-2.44140625,2
65,0.871459961,-0.37878418,0.293457031,-5.004882813,1.6479491,-1.281738162,2
66,0.865722656,-0.381958008,0.298461914,-4.577636719,0.427246064,-2.62451148,2
67,0.869995117,-0.369995117,0.302856445,-3.906249762,1.586913943,-1.403808475,2
68,0.875366211,-0.368774414,0.301025391,-3.60107398,1.159667969,1.159667969,2
69,0.860839844,-0.363525391,0.300415039,-1.281738162,0.48828122,2.44140625,2
70,0.79699707,-0.33605957,0.27355957,3.417968512,9.826660156,8.7890625,2
71,0.744262695,-0.2734375,0.232666016,4.638671875,12.45117092,10.68115139,2
72,0.834594727,-0.301757813,0.151000977,2.62451148,19.04296875,11.41357327,2
73,0.654296875,-0.232666016,0.19128418,1.586913943,4.089355469,3.906249762,2
74,1.065429688,-0.279785156,0.138793945,6.713866711,-5.371093273,2.990722418,2
75,0.897583008,-0.354980469,0.251953125,1.831054568,-24.16991997,-14.7094717,2
76,0.988037109,-0.319824219,0.265625,-5.371093273,-1.281738162,-5.310058117,2
77,1.165405273,-0.380615234,0.265136719,-4.39453125,11.41357327,10.62011623,2
78,1.193481445,-0.438476563,0.330810547,1.037597656,9.887695313,6.530761242,2
79,1.303833008,-0.451538086,0.357421875,-0.48828122,-6.591796398,-1.464843631,2
80,1.125732422,-0.392211914,0.324462891,0.366210908,-7.019042492,-2.380371094,2
81,1.024169922,-0.338378906,0.256713867,4.333496094,-16.96777344,-4.089355469,2
82,0.906616211,-0.315063477,0.266113281,5.737304211,-9.338378906,-2.44140625,2
83,0.664916992,-0.26574707,0.247192383,-3.60107398,-18.43261719,-6.774901867,2
84,0.54284668,-0.215820313,0.193969727,-15.31982327,-15.31982327,-21.66747856,2
85,0.575805664,-0.327026367,0.271118164,-3.60107398,25.81786919,-2.929687262,2
86,0.958007813,-0.303588867,0.280273438,-0.305175781,-1.6479491,0.122070305,2
87,0.928588867,-0.424316406,0.273925781,2.075195313,7.690429211,7.629394054,2
88,0.899047852,-0.372314453,0.258544922,5.920409679,-0.915527284,3.60107398,2
89,0.896240234,-0.373291016,0.24206543,8.30078125,-0.122070305,1.098632813,3
90,0.924438477,-0.364257813,0.259643555,6.225585461,-2.807616949,-0.732421815,3
91,0.888061523,-0.377685547,0.260986328,1.342773318,-7.385253429,-2.502441406,3
92,0.893676758,-0.373046875,0.25793457,-0.732421815,-3.906249762,-1.770019412,3
93,0.883300781,-0.369506836,0.273681641,-1.281738162,-3.723144293,-1.159667969,3
94,0.879516602,-0.376831055,0.284179688,-2.136230469,-2.990722418,-1.770019412,3
95,0.891357422,-0.385009766,0.275634766,-3.295898199,-1.831054568,-0.915527284,3
96,0.882080078,-0.374145508,0.284423828,-3.356933355,-0.122070305,-0.793456972,3
97,0.88684082,-0.373535156,0.283813477,-1.831054568,0.915527284,0.24414061,3
98,0.879150391,-0.364501953,0.274414063,-1.708984256,0.915527284,1.525878787,3
99,0.870361328,-0.365844727,0.259887695,0,1.342773318,3.906249762,3
100,0.821289063,-0.333862305,0.239501953,0.061035153,8.178710938,10.07079983,3
101,0.553710938,-0.240478516,0.190795898,-9.094238281,-9.521484375,2.258300781,3
102,0.737426758,-0.215698242,0.289306641,2.258300781,44.86083603,19.22607422,3
103,0.770263672,-0.247558594,0.190429688,-4.150390625,-3.11279273,-3.540038824,3
104,1.025756836,-0.2578125,0.149414063,1.708984256,5.126952648,4.760742188,3
105,0.930297852,-0.271240234,0.25390625,4.211425781,16.72363281,12.32910061,3
106,1.166625977,-0.390014648,0.252807617,-0.671386659,3.845214605,12.81738186,3
107,1.434692383,-0.389404297,0.261962891,3.723144293,15.31982327,12.08495998,3
108,1.262451172,-0.375,0.317138672,-7.568358898,-12.26806545,-6.774901867,3
109,1.153198242,-0.295898438,0.250366211,2.197265625,-15.6860342,-7.202147961,3
110,1.005126953,-0.265136719,0.249755859,12.32910061,-28.74755669,-11.47460842,3
111,0.75769043,-0.279418945,0.205444336,10.55908108,-13.91601467,-3.662109137,3
112,0.55456543,-0.205322266,0.179199219,2.380371094,-19.47021484,-10.92529202,3
113,0.553222656,-0.291137695,0.214477539,-5.371093273,-5.126952648,-21.91161919,3
114,0.768432617,-0.365478516,0.244750977,-10.43701077,17.33398438,-4.028320313,3
115,1.021728516,-0.273071289,0.266113281,-3.845214605,11.71874905,7.324218273,3
116,0.880493164,-0.419921875,0.326904297,2.929687262,2.807616949,-0.793456972,3
117,0.912963867,-0.366333008,0.307495117,-2.563476324,-6.469726086,-2.258300781,3
118,0.854003906,-0.351074219,0.31628418,3.60107398,-0.48828122,2.014160156,3
119,0.890625,-0.332641602,0.272705078,-0.366210908,1.037597656,0.549316406,4
120,0.893920898,-0.335327148,0.272827148,-0.732421815,0.732421815,0.24414061,4
121,0.896606445,-0.336425781,0.273071289,-0.427246064,-0.48828122,-0.061035153,4
122,0.909179688,-0.338500977,0.265869141,-0.24414061,1.098632813,0.183105454,4
123,0.911254883,-0.336303711,0.270996094,0.122070305,-0.122070305,-0.305175781,4
124,0.894165039,-0.335083008,0.266845703,-0.366210908,0.305175781,0.122070305,4
125,0.904418945,-0.338134766,0.26965332,-0.854492128,0.427246064,-0.183105454,4
126,0.897216797,-0.328491211,0.277954102,-0.793456972,0.854492128,0.061035153,4
127,0.913574219,-0.336547852,0.272460938,-0.610351563,-0.366210908,0.183105454,4
128,0.893920898,-0.338989258,0.280151367,0.122070305,0.915527284,0.122070305,4
129,0.8828125,-0.338134766,0.275268555,0,1.159667969,-0.061035153,4
130,0.884033203,-0.323730469,0.27355957,0.732421815,1.892089725,1.586913943,4
131,0.878417969,-0.311035156,0.255126953,3.356933355,6.042479992,6.408690929,4
132,0.838378906,-0.278320313,0.220092773,5.004882813,11.53564358,13.42773342,4
133,0.49621582,-0.231689453,0.157836914,-6.042479992,-11.41357327,-0.732421815,4
134,0.633544922,-0.169921875,0.161132813,-1.342773318,24.963377,20.93505669,4
135,1.083007813,-0.21472168,0.115478516,-17.39501953,14.89257717,15.74706936,4
136,1.171142578,-0.247192383,0.124389648,-10.31494045,22.94921684,16.96777344,4
137,1.12890625,-0.210693359,0.161987305,-3.234863043,10.19287014,-0.97656244,4
138,1.462768555,-0.237182617,0.086425781,-2.258300781,3.662109137,-0.854492128,4
139,1.368164063,-0.247924805,0.196044922,5.493163586,-12.87841702,-6.713866711,4
140,1.336547852,-0.247924805,0.181396484,2.502441406,-14.77050686,-5.798339367,4
141,1.082641602,-0.23046875,0.199829102,7.690429211,-16.41845703,-8.728027344,4
142,0.970336914,-0.259643555,0.182373047,6.958007336,-17.08984375,-14.7094717,4
143,0.710571289,-0.16418457,0.190673828,12.14599514,-15.07568264,-9.27734375,4
144,0.543579102,-0.161499023,0.149291992,5.554198742,-33.50830078,-23.68163872,4
145,0.678222656,-0.248413086,0.222045898,1.831054568,12.7563467,1.831054568,4
146,1.015380859,-0.270996094,0.251953125,8.911132813,16.78466797,16.96777344,4
147,0.852661133,-0.326416016,0.272705078,13.67187405,6.591796398,1.525878787,4
148,0.927856445,-0.338745117,0.249633789,16.84570313,1.831054568,-2.746581793,5
149,0.901000977,-0.350341797,0.264160156,0.610351563,-0.48828122,-1.403808475,5
150,0.91796875,-0.331665039,0.255004883,-6.103515148,0.183105454,-1.098632813,5
151,0.921386719,-0.319213867,0.24621582,-6.469726086,4.577636719,-1.159667969,5
152,0.903198242,-0.317138672,0.244262695,-7.629394054,1.525878787,-2.563476324,5
153,0.905395508,-0.317871094,0.236450195,-3.417968512,1.770019412,-1.403808475,5
154,0.911254883,-0.327636719,0.238769531,-0.122070305,0.549316406,-0.732421815,5
155,0.918334961,-0.326416016,0.232055664,0.549316406,-0.732421815,-1.037597656,5
156,0.912475586,-0.332519531,0.237915039,-1.159667969,-0.671386659,0.427246064,5
157,0.908691406,-0.328979492,0.239624023,-0.793456972,2.075195313,0.915527284,5
158,0.912841797,-0.334350586,0.247802734,-2.380371094,1.892089725,0,5
159,0.891723633,-0.323608398,0.247558594,-3.173827887,-0.48828122,0.122070305,5
160,0.892089844,-0.314941406,0.243041992,-1.831054568,2.685546637,4.150390625,5
161,0.833374023,-0.287963867,0.222412109,-1.525878787,11.59667873,13.42773342,5
162,0.596313477,-0.194091797,0.151733398,-6.408690929,-7.507323742,7.873534679,5
163,0.481445313,-0.193969727,0.159790039,-2.746581793,19.34814453,10.2539053,5
164,1.124145508,-0.209960938,0.096923828,-11.53564358,-8.117675781,4.699707031,5
165,1.051635742,-0.207275391,0.169555664,3.479003668,19.40917969,17.94433594,5
166,1.194458008,-0.222045898,0.15234375,6.225585461,12.45117092,9.521484375,5
167,1.485107422,-0.289550781,0.126220703,5.981444836,22.52197075,11.04736233,5
168,1.471069336,-0.274536133,0.192504883,-5.615233898,0.48828122,-2.014160156,5
169,1.327636719,-0.233032227,0.180664063,-5.676269054,-20.50781059,-6.469726086,5
170,1.116333008,-0.201416016,0.149902344,10.19287014,-11.41357327,-5.371093273,5
171,0.763916016,-0.178588867,0.169433594,10.68115139,-17.70019531,-7.324218273,5
172,0.541137695,-0.13659668,0.143066406,-2.380371094,-28.869627,-19.22607422,5
173,0.356201172,-0.16809082,0.170532227,-14.28222561,-29.05273247,-30.76171684,5
174,1.168579102,-0.202148438,0.159179688,-1.892089725,40.34423447,19.16503906,5
175,0.809570313,-0.351196289,0.236816406,-2.44140625,0.97656244,-0.061035153,5
176,0.935791016,-0.259887695,0.244995117,11.84081936,6.774901867,-1.525878787,5
177,0.933959961,-0.301269531,0.229980469,7.812499523,0.061035153,-2.075195313,5
178,0.906005859,-0.294921875,0.225830078,8.117675781,-4.699707031,-1.831054568,6
179,0.929321289,-0.294555664,0.227539063,8.30078125,0.854492128,-0.48828122,6
180,0.916625977,-0.321533203,0.224121094,-0.793456972,-1.464843631,-0.305175781,6
181,0.91027832,-0.291625977,0.210571289,-6.286620617,-0.183105454,-0.305175781,6
182,0.926513672,-0.288085938,0.213745117,-6.042479992,3.967284918,0.48828122,6
183,0.939941406,-0.288085938,0.211547852,-4.333496094,2.258300781,0.366210908,6
184,0.942993164,-0.286132813,0.200805664,-1.342773318,2.746581793,0.24414061,6
185,0.938842773,-0.287597656,0.204589844,-0.732421815,-0.366210908,0.061035153,6
186,0.932373047,-0.282226563,0.206787109,-0.48828122,-0.854492128,0.97656244,6
187,0.931762695,-0.278320313,0.204589844,3.479003668,-2.136230469,1.220703125,6
188,0.903076172,-0.280151367,0.210693359,4.943847656,0.610351563,3.540038824,6
189,0.811035156,-0.255981445,0.188842773,1.098632813,5.737304211,11.29150295,6
190,0.37902832,-0.171875,0.120483398,-6.835937023,-20.38574028,-4.8828125,6
191,0.676025391,-0.135620117,0.102050781,9.521484375,35.21728516,25.87890434,6
192,0.974243164,-0.224487305,0.108642578,-10.55908108,11.90185452,12.26806545,6
193,1.124511719,-0.180541992,0.14453125,-8.178710938,-0.122070305,11.16943264,6
194,1.326293945,-0.183837891,0.122070313,1.892089725,11.59667873,12.45117092,6
195,1.479492188,-0.259521484,0.102294922,-1.098632813,8.422851563,4.39453125,6
196,1.543823242,-0.196289063,0.158081055,-5.310058117,-2.746581793,-2.380371094,6
197,1.286376953,-0.194824219,0.133178711,1.586913943,-12.69531155,-6.164550304,6
198,1.017211914,-0.154785156,0.160644531,4.577636719,-32.28759766,-11.65771389,6
199,0.711547852,-0.116699219,0.14074707,2.929687262,-13.91601467,-2.990722418,6
200,0.523071289,-0.101318359,0.113891602,-2.62451148,-29.54101372,-28.99169731,6
201,0.502075195,-0.179199219,0.177734375,-2.44140625,-2.62451148,-21.30126762,6
202,1.233276367,-0.137573242,0.196655273,-4.39453125,6.408690929,7.995604992,6
203,0.918579102,-0.367675781,0.191894531,16.6015625,19.89746094,4.8828125,6
204,0.930419922,-0.242675781,0.265014648,3.540038824,-5.676269054,-5.737304211,6
205,0.909545898,-0.255981445,0.208374023,5.004882813,-10.92529202,-4.943847656,6
206,0.929077148,-0.266357422,0.211181641,7.080077648,-3.234863043,0.24414061,6
207,0.94128418,-0.292358398,0.217407227,1.892089725,-0.732421815,3.11279273,7
208,0.945678711,-0.262573242,0.225097656,0.732421815,2.44140625,2.868652105,7
209,0.944824219,-0.250854492,0.222412109,-1.6479491,2.563476324,3.234863043,7
210,0.939575195,-0.28125,0.213867188,-7.324218273,2.380371094,8.605957031,7
211,0.989990234,-0.318969727,0.147949219,-7.568358898,2.258300781,12.2070303,7
212,0.885253906,-0.261962891,0.236328125,10.92529202,14.03808498,9.582519531,7
213,1.005249023,-0.048339844,0.331054688,-3.417968512,-7.080077648,-9.216308594,7
214,1.009033203,-0.250976563,0.287841797,-20.62988091,38.0859375,25.39062309,7
215,0.638061523,-0.221801758,0.129394531,-39.61181641,-33.69140625,-14.03808498,7
216,0.93737793,-0.194213867,0.161376953,1.892089725,8.911132813,-7.446288586,7
217,0.811401367,-0.187988281,0.307373047,13.36669827,3.723144293,-7.629394054,7
218,1.011230469,-0.16809082,0.252075195,16.96777344,-3.417968512,3.295898199,7
219,0.910400391,-0.291259766,0.216186523,8.30078125,-1.403808475,2.929687262,7
220,1.012939453,-0.247558594,0.195678711,-6.774901867,-11.53564358,-6.591796398,7
221,0.958618164,-0.239013672,0.222290039,4.39453125,5.371093273,-1.281738162,7
222,0.883544922,-0.270141602,0.236816406,-2.685546637,-2.563476324,-5.432128429,7
223,0.92199707,-0.205322266,0.205078125,-0.061035153,3.417968512,2.868652105,7
224,0.810546875,-0.219116211,0.177490234,7.141112804,19.40917969,16.66259766,7
225,0.470703125,-0.224975586,0.155883789,-9.399414063,-26.42822075,-13.24462795,7
226,0.771118164,-0.110107422,0.110717773,0.305175781,12.81738186,11.96288967,7
227,0.958740234,-0.1015625,0.123291016,0.305175781,16.11328125,19.83642578,7
228,1.081542969,-0.168457031,0.18371582,-1.953124881,12.7563467,18.12744141,7
229,1.410400391,-0.186889648,0.189697266,-1.953124881,19.65332031,14.28222561,7
230,1.69128418,-0.20690918,0.158813477,4.089355469,11.90185452,0.97656244,7
231,1.458496094,-0.229614258,0.196899414,1.770019412,-15.50292873,-12.2070303,7
232,1.227661133,-0.192504883,0.155883789,2.075195313,-14.22119045,-15.19775295,7
233,0.865356445,-0.151855469,0.168579102,0.732421815,-18.12744141,-12.51220608,7
234,0.620483398,-0.130004883,0.134399414,-5.126952648,-29.05273247,-3.906249762,7
235,0.314697266,-0.088867188,0.133666992,-1.953124881,-26.916502,-22.70507622,7
236,0.802978516,-0.209594727,0.223022461,11.90185452,18.79882813,0.48828122,7
237,1.000732422,-0.285400391,0.257324219,2.136230469,4.943847656,-3.051757574,8
238,0.961547852,-0.285400391,0.294555664,6.896972179,5.920409679,-5.981444836,8
239,0.883422852,-0.258666992,0.264648438,-2.258300781,-4.8828125,-3.295898199,8
240,0.909545898,-0.280395508,0.25769043,-1.6479491,3.723144293,1.525878787,8
241,0.916503906,-0.282104492,0.266479492,-3.295898199,8.972167969,1.708984256,8
242,0.930664063,-0.286254883,0.246337891,-9.887695313,2.563476324,2.807616949,8
243,0.921386719,-0.263183594,0.231811523,-6.774901867,7.019042492,6.896972179,8
244,0.909545898,-0.235107422,0.243896484,-1.708984256,5.249022961,3.845214605,8
245,0.953491211,-0.236328125,0.231445313,-3.723144293,9.765625,7.385253429,8
246,0.916381836,-0.222167969,0.230834961,-3.234863043,10.49804592,5.371093273,8
247,0.97668457,-0.213012695,0.203735352,-1.342773318,7.507323742,3.173827887,8
248,0.942260742,-0.228149414,0.205810547,-1.525878787,6.286620617,0.671386659,8
249,0.943359375,-0.219970703,0.185668945,-5.493163586,4.028320313,-1.098632813,8
250,0.901000977,-0.208740234,0.211181641,2.136230469,4.333496094,2.807616949,8
251,0.651000977,-0.189941406,0.143554688,-9.582519531,-9.460449219,-1.831054568,8
252,0.693237305,-0.167236328,0.30065918,3.967284918,-13.24462795,-10.62011623,8
253,0.880249023,-0.22668457,0.174072266,-6.042479992,-43.76220322,-21.72851372,8
254,0.850219727,-0.204589844,0.219604492,-7.202147961,-36.98730469,-14.22119045,8
255,0.958984375,-0.251464844,0.336791992,-8.544921875,-18.00537109,3.295898199,8
256,1.138427734,-0.29296875,0.350463867,16.84570313,3.967284918,0.732421815,8
257,1.161743164,-0.430664063,0.379150391,27.8930645,14.52636623,-4.577636719,8
258,1.328979492,-0.396240234,0.358520508,14.52636623,27.52685356,7.751464367,8
259,1.173706055,-0.333007813,0.301757813,11.04736233,15.31982327,8.483886719,8
260,1.203857422,-0.201416016,0.199829102,6.835937023,26.00097466,31.49413872,8
261,1.002441406,-0.30078125,0.199462891,-1.6479491,26.67236137,25.08544731,8
262,0.830688477,-0.08984375,0.173217773,-10.13183498,-16.96777344,-10.86425686,8
263,0.423461914,-0.109008789,0.16027832,-12.51220608,-25.87890434,-35.94970703,8
264,0.86328125,-0.195678711,0.135864258,9.27734375,5.859374523,-11.47460842,8
265,0.959472656,-0.348144531,0.200195313,-1.525878787,13.97704983,3.723144293,8
266,0.852539063,-0.246826172,0.219238281,0.061035153,-0.427246064,-0.122070305,9
267,0.912719727,-0.286987305,0.215942383,0.183105454,-4.943847656,-2.197265625,9
268,0.924560547,-0.26953125,0.237915039,-3.479003668,-3.234863043,1.953124881,9
269,0.942260742,-0.28894043,0.238037109,-2.319335938,-2.075195313,-0.97656244,9
270,0.925415039,-0.26550293,0.239990234,-0.732421815,0.427246064,0.854492128,9
271,0.924804688,-0.269897461,0.259155273,1.953124881,-0.97656244,2.197265625,9
272,0.926269531,-0.281005859,0.230834961,2.075195313,-2.014160156,1.831054568,9
273,0.899780273,-0.263671875,0.234375,3.540038824,0.97656244,1.892089725,9
274,0.91784668,-0.286621094,0.227294922,5.737304211,5.065917492,-0.122070305,9
275,0.920776367,-0.307250977,0.223266602,-4.39453125,3.60107398,0.854492128,9
276,0.868774414,-0.247802734,0.194702148,-3.356933355,9.27734375,7.690429211,9
277,0.77734375,-0.221435547,0.206298828,-6.958007336,5.737304211,12.87841702,9
278,0.639770508,-0.17175293,0.237915039,0.305175781,1.037597656,1.892089725,9
279,0.802490234,-0.243896484,0.158081055,-11.04736233,-33.56933594,-23.13232231,9
280,0.866210938,-0.225952148,0.224365234,-10.31494045,-9.521484375,-14.09912014,9
281,1.022827148,-0.285400391,0.295166016,-8.850097656,-15.6860342,-6.713866711,9
282,1.020507813,-0.358764648,0.368408203,-4.333496094,-5.065917492,-1.525878787,9
283,1.207885742,-0.352661133,0.359008789,4.760742188,5.554198742,-2.014160156,9
284,1.31262207,-0.402709961,0.42199707,8.911132813,13.7329092,10.43701077,9
285,1.162963867,-0.38671875,0.341674805,14.1601553,16.41845703,9.948730469,9
286,1.111694336,-0.34777832,0.270385742,12.57324123,27.34374809,20.81298637,9
287,0.898193359,-0.234985352,0.215698242,-0.366210908,13.67187405,15.50292873,9
288,0.820922852,-0.207763672,0.208862305,-11.35253811,6.469726086,12.57324123,9
289,0.677856445,-0.12890625,0.163696289,-6.713866711,-21.42333794,-12.45117092,9
290,0.602416992,-0.21472168,0.155395508,0.305175781,-22.52197075,-28.07616997,9
291,1.038696289,-0.212402344,0.248046875,9.704589844,-8.239746094,-4.577636719,9
292,0.874145508,-0.378173828,0.192993164,1.281738162,-11.41357327,-5.615233898,9
293,0.889526367,-0.25402832,0.228759766,4.211425781,2.319335938,1.708984256,9
294,0.918823242,-0.298095703,0.21862793,1.953124881,-3.417968512,1.281738162,9
295,0.937988281,-0.295532227,0.238891602,3.967284918,1.6479491,4.455566406,9
296,0.90612793,-0.285644531,0.22644043,1.708984256,-2.075195313,-0.305175781,10
297,0.920410156,-0.277587891,0.241821289,0.793456972,0.549316406,0.915527284,10
298,0.943603516,-0.298217773,0.234863281,0.061035153,2.44140625,0.97656244,10
299,0.915283203,-0.277954102,0.235107422,-0.549316406,-0.427246064,0.549316406,10
300,0.911132813,-0.284545898,0.225952148,0.305175781,-1.708984256,1.037597656,10
301,0.922729492,-0.289428711,0.224243164,-1.159667969,-0.427246064,0.366210908,10
302,0.929321289,-0.293457031,0.228149414,-2.075195313,0.793456972,-0.24414061,10
303,0.915283203,-0.289672852,0.219726563,-5.798339367,1.708984256,-1.159667969,10
304,0.903930664,-0.261474609,0.232421875,-4.760742188,3.295898199,0.24414061,10
305,0.921264648,-0.262695313,0.233886719,0.061035153,2.075195313,2.258300781,10
306,0.798461914,-0.247314453,0.195556641,-1.159667969,10.74218655,11.71874905,10
307,0.507324219,-0.178955078,0.128051758,-4.821777344,-9.094238281,2.563476324,10
308,0.744750977,-0.196044922,0.158691406,-1.708984256,14.52636623,4.943847656,10
309,0.981323242,-0.205078125,0.124023438,-5.554198742,6.713866711,-0.732421815,10
310,1.073120117,-0.193481445,0.152954102,-2.563476324,13.67187405,1.831054568,10
311,1.172485352,-0.254760742,0.194702148,-12.14599514,3.845214605,2.502441406,10
312,1.290161133,-0.284912109,0.190551758,1.6479491,9.826660156,2.014160156,10
313,1.366088867,-0.30847168,0.232421875,7.873534679,5.676269054,2.075195313,10
314,1.419677734,-0.357055664,0.226318359,0.427246064,-9.155273438,-2.44140625,10
315,1.10168457,-0.251098633,0.213989258,2.075195313,-5.004882813,0.122070305,10
316,0.98034668,-0.180664063,0.197875977,5.737304211,-2.44140625,2.014160156,10
317,0.787353516,-0.174560547,0.150024414,3.234863043,-11.96288967,2.807616949,10
318,0.520019531,-0.192504883,0.119262695,-8.972167969,-29.60204887,-23.13232231,10
319,0.646728516,-0.244384766,0.201782227,0.915527284,-5.493163586,-21.60644341,10
320,0.885131836,-0.255981445,0.290039063,-8.178710938,-15.6860342,-2.258300781,10
321,0.932861328,-0.402832031,0.223266602,3.662109137,13.06152248,4.028320313,10
322,0.87890625,-0.299316406,0.25793457,4.943847656,7.812499523,-4.516601563,10
323,0.890869141,-0.317016602,0.22644043,-5.737304211,-4.638671875,-2.014160156,10
324,0.902709961,-0.301513672,0.241699219,-2.319335938,1.6479491,0.061035153,10
325,0.900024414,-0.300415039,0.244018555,-2.44140625,-2.014160156,0.671386659,11
326,0.940673828,-0.304931641,0.255126953,0.549316406,3.540038824,1.220703125,11
327,0.908447266,-0.291625977,0.235961914,-1.708984256,-6.774901867,-1.586913943,11
328,0.895629883,-0.295288086,0.239013672,1.953124881,3.967284918,0.793456972,11
329,0.922363281,-0.305175781,0.238525391,2.197265625,4.211425781,-0.061035153,11
330,0.928588867,-0.307983398,0.233642578,1.159667969,3.173827887,0.305175781,11
331,0.925048828,-0.309204102,0.212402344,-1.159667969,2.746581793,-0.061035153,11
332,0.934326172,-0.306884766,0.206542969,-1.831054568,0.183105454,-2.563476324,11
333,0.925292969,-0.311889648,0.220092773,-2.563476324,-1.586913943,-2.868652105,11
334,0.909912109,-0.302001953,0.221313477,-1.159667969,-2.136230469,-0.671386659,11
335,0.815551758,-0.274291992,0.213378906,0,3.906249762,11.16943264,11
336,0.501831055,-0.218261719,0.181884766,-11.47460842,-7.568358898,-1.403808475,11
337,0.8046875,-0.201660156,0.096191406,-9.094238281,15.25878811,-5.187987804,11
338,0.744384766,-0.236328125,0.141235352,1.953124881,8.056640625,-18.98193359,11
339,0.93762207,-0.345458984,0.279785156,11.10839748,36.07177734,17.15087891,11
340,1.23059082,-0.391479492,0.185302734,-2.502441406,11.29150295,17.15087891,11
341,1.190795898,-0.353393555,0.135742188,3.723144293,3.845214605,3.173827887,11
342,1.361450195,-0.369262695,0.197387695,-0.48828122,1.6479491,-0.24414061,11
343,1.280639648,-0.388305664,0.213134766,-0.732421815,-6.835937023,-3.723144293,11
344,1.200805664,-0.366088867,0.197753906,5.615233898,-9.033203125,-5.554198742,11
345,1.088012695,-0.3125,0.190795898,5.187987804,-18.98193359,0.24414061,11
346,0.80847168,-0.243041992,0.150268555,9.155273438,-6.469726086,9.033203125,11
347,0.55480957,-0.174560547,0.107788086,1.6479491,-16.78466797,-1.464843631,11
348,0.538330078,-0.192993164,0.166259766,-8.605957031,-13.48876858,-20.81298637,11
349,1.001464844,-0.292480469,0.226196289,11.41357327,25.81786919,15.80810452,11
350,0.877441406,-0.400756836,0.262573242,-10.31494045,-15.25878811,-5.676269054,11
351,0.90625,-0.319824219,0.253662109,5.798339367,9.27734375,-1.464843631,11
352,0.895263672,-0.325317383,0.246948242,-9.765625,-11.2304678,-5.371093273,11
353,0.915039063,-0.314575195,0.263916016,-0.183105454,-0.854492128,-1.098632813,11
354,0.881347656,-0.330810547,0.268676758,-1.708984256,-3.234863043,-2.197265625,11
355,0.913452148,-0.344970703,0.249023438,-1.403808475,3.11279273,-1.525878787,12
356,0.905029297,-0.325561523,0.265991211,-2.44140625,2.136230469,-0.305175781,12
357,0.88269043,-0.330078125,0.254272461,-1.281738162,1.220703125,-1.342773318,12
358,0.896240234,-0.335205078,0.246704102,-1.708984256,-0.732421815,-0.427246064,12
359,0.924804688,-0.3359375,0.244506836,-0.48828122,0.915527284,-0.854492128,12
360,0.921386719,-0.333984375,0.241455078,-0.24414061,-2.44140625,-1.6479491,12
361,0.899169922,-0.338989258,0.250488281,0.854492128,2.807616949,0.97656244,12
362,0.903320313,-0.33996582,0.249511719,0.366210908,1.220703125,1.037597656,12
363,0.875366211,-0.307617188,0.230712891,1.770019412,5.798339367,7.141112804,12
364,0.821899414,-0.256469727,0.196899414,6.896972179,12.81738186,21.30126762,12
365,0.37512207,-0.189575195,0.099731445,-2.929687262,-9.27734375,7.019042492,12
366,0.895263672,-0.142578125,0.043823242,11.53564358,33.44726563,11.41357327,12
367,0.889038086,-0.281738281,0.193481445,5.371093273,16.96777344,2.685546637,12
368,1.080078125,-0.308349609,0.142578125,-14.40429592,8.056640625,4.272460938,12
369,1.269775391,-0.258789063,0.151855469,-14.46533108,9.27734375,6.347655773,12
370,1.478393555,-0.331420898,0.12097168,-4.39453125,8.728027344,0.97656244,12
371,1.362060547,-0.278686523,0.178710938,-1.281738162,-8.239746094,-1.953124881,12
372,1.18347168,-0.306030273,0.153808594,4.699707031,-10.98632717,-5.371093273,12
373,1.108642578,-0.287719727,0.163452148,2.014160156,-7.080077648,-5.249022961,12
374,0.950805664,-0.256469727,0.164916992,-4.455566406,-19.16503906,-8.422851563,12
375,0.837890625,-0.20300293,0.157104492,-0.427246064,-12.32910061,-2.746581793,12
376,0.585449219,-0.172729492,0.135742188,6.347655773,-7.080077648,-4.272460938,12
377,0.473632813,-0.213134766,0.139892578,-5.126952648,-21.42333794,-23.74267387,12
378,0.930419922,-0.260009766,0.229492188,2.258300781,23.25439262,15.6860342,12
379,0.786254883,-0.347167969,0.254150391,-11.2304678,-18.85986328,-6.164550304,12
380,0.953613281,-0.355834961,0.236572266,15.6860342,20.87402153,0.24414061,12
381,0.918823242,-0.295410156,0.200439453,-1.770019412,-3.540038824,-2.380371094,12
382,0.930786133,-0.313964844,0.204956055,2.319335938,5.737304211,2.746581793,12
383,0.899414063,-0.305053711,0.21496582,-0.366210908,-3.845214605,0.366210908,12
384,0.927246094,-0.322509766,0.208129883,0.427246064,-2.44140625,-0.610351563,13
385,0.930541992,-0.318359375,0.223388672,0.183105454,-2.136230469,-0.793456972,13
386,0.910522461,-0.322875977,0.211914063,0,0.732421815,0.48828122,13
387,0.912353516,-0.302490234,0.220947266,2.136230469,1.525878787,1.220703125,13
388,0.899902344,-0.306274414,0.21887207,3.845214605,6.774901867,8.544921875,13
389,0.924438477,-0.308105469,0.21887207,0.305175781,5.187987804,10.8032217,13
390,0.95300293,-0.308105469,0.186279297,-2.44140625,1.892089725,2.990722418,13
391,0.939453125,-0.281005859,0.189331055,-3.295898199,-1.098632813,-3.723144293,13
392,0.933227539,-0.280517578,0.192749023,-2.075195313,1.220703125,-3.417968512,13
393,0.913818359,-0.272583008,0.178588867,-0.183105454,-0.427246064,0.061035153,13
394,0.821777344,-0.234619141,0.170166016,5.371093273,11.84081936,15.62499905,13
395,0.519775391,-0.187744141,0.125610352,-4.8828125,-9.948730469,6.958007336,13
396,0.67590332,-0.077026367,0.113769531,5.920409679,18.85986328,16.54052734,13
397,0.945922852,-0.179077148,0.121459961,0.671386659,30.57861137,11.59667873,13
398,1.01965332,-0.235595703,0.129272461,-10.49804592,14.89257717,0,13
399,1.234619141,-0.232299805,0.108154297,-9.399414063,2.44140625,-5.126952648,13
400,1.327148438,-0.302490234,0.064208984,-1.403808475,17.15087891,-6.591796398,13
401,1.392333984,-0.260253906,0.054199219,-6.652831554,-6.896972179,-6.042479992,13
402,1.276977539,-0.327148438,0.126464844,6.164550304,-4.638671875,-1.220703125,13
403,1.248168945,-0.310180664,0.140258789,1.708984256,-3.234863043,0.610351563,13
404,1.143432617,-0.263793945,0.160522461,-4.150390625,-17.70019531,-4.333496094,13
405,0.915893555,-0.214111328,0.179199219,1.342773318,-15.62499905,3.051757574,13
406,0.448974609,-0.150146484,0.111083984,-7.812499523,-24.84130669,-8.7890625,13
407,0.532592773,-0.124389648,0.127807617,-11.65771389,-15.99120998,-31.12792778,13
408,1.017089844,-0.172851563,0.221435547,7.995604992,36.80419922,14.95361233,13
409,0.691040039,-0.446777344,0.202270508,-4.638671875,-4.943847656,-13.79394436,13
410,1.002197266,-0.264404297,0.251342773,12.45117092,7.446288586,-1.037597656,13
411,0.922485352,-0.325439453,0.260742188,9.826660156,-1.770019412,2.075195313,13
412,0.90246582,-0.341918945,0.261108398,2.62451148,-8.911132813,-0.732421815,13
413,0.909057617,-0.329345703,0.251586914,2.014160156,-1.403808475,4.089355469,13
414,0.89440918,-0.350219727,0.25378418,-0.366210908,-0.48828122,1.6479491,14
415,0.899536133,-0.323852539,0.26953125,-1.708984256,2.258300781,-1.037597656,14
416,0.918945313,-0.323242188,0.263916016,-1.098632813,3.967284918,0.122070305,14
417,0.891479492,-0.324951172,0.264770508,-3.723144293,1.770019412,1.281738162,14
418,0.896850586,-0.309082031,0.258422852,-2.075195313,-0.061035153,-0.061035153,14
419,0.888427734,-0.314697266,0.261108398,0.793456972,0.610351563,0.793456972,14
420,0.90222168,-0.334350586,0.249267578,-4.943847656,7.690429211,1.708984256,14
421,0.904418945,-0.319213867,0.233276367,-3.906249762,-1.525878787,0.671386659,14
422,0.909301758,-0.313354492,0.236938477,-1.708984256,1.464843631,0.305175781,14
423,0.899658203,-0.29309082,0.214477539,0.183105454,1.708984256,1.953124881,14
424,0.838012695,-0.251708984,0.205322266,1.037597656,15.62499905,14.77050686,14
425,0.567016602,-0.177856445,0.172241211,-5.004882813,4.272460938,8.30078125,14
426,0.697875977,-0.172851563,0.132202148,-1.953124881,15.31982327,4.821777344,14
427,0.88659668,-0.230102539,0.0703125,-8.850097656,2.563476324,-2.685546637,14
428,0.92199707,-0.263305664,0.145996094,7.202147961,17.70019531,6.286620617,14
429,1.091430664,-0.315917969,0.145874023,-3.479003668,17.45605469,7.995604992,14
430,1.216552734,-0.303466797,0.072875977,-4.211425781,19.10400391,7.446288586,14
431,1.399047852,-0.291259766,0.032226563,-3.051757574,10.62011623,-3.417968512,14
432,1.404541016,-0.308105469,0.065185547,-7.873534679,-5.249022961,-3.60107398,14
433,1.305175781,-0.276123047,0.091430664,4.516601563,-10.43701077,-2.014160156,14
434,1.176513672,-0.268798828,0.120849609,5.310058117,-18.31054688,0.549316406,14
435,0.851196289,-0.232177734,0.149658203,-1.831054568,-20.93505669,0.24414061,14
436,0.676513672,-0.162719727,0.125,-3.295898199,-9.460449219,1.342773318,14
437,0.514526367,-0.117431641,0.112182617,-7.080077648,-40.83251572,-29.05273247,14
438,0.647460938,-0.224731445,0.185180664,4.089355469,8.728027344,-2.990722418,14
439,0.983032227,-0.318359375,0.169555664,-14.83154202,17.39501953,14.28222561,14
440,0.922119141,-0.280517578,0.187011719,-0.854492128,5.676269054,-1.525878787,14
441,0.927734375,-0.279541016,0.197509766,6.530761242,34.72900391,3.295898199,14
442,1.007080078,-0.180664063,0.191162109,-11.29150295,5.615233898,3.60107398,14
443,0.923706055,-0.306152344,0.18737793,-8.7890625,0.549316406,-0.366210908,15
444,0.897216797,-0.137939453,0.089477539,-10.8032217,-15.01464748,-0.610351563,15
445,0.972290039,-0.21105957,0.104492188,13.00048733,-4.272460938,0.610351563,15
446,0.963256836,-0.2578125,0.162963867,10.07079983,3.784179449,-2.44140625,15
447,0.945678711,-0.258300781,0.182983398,0.122070305,-3.417968512,-0.854492128,15
448,0.954711914,-0.271606445,0.165893555,-2.197265625,-2.563476324,-1.220703125,15
449,0.93762207,-0.236083984,0.176879883,4.211425781,-2.380371094,0.305175781,15
450,0.948364258,-0.278198242,0.186889648,1.586913943,-2.62451148,1.281738162,15
451,0.941772461,-0.261108398,0.161865234,2.563476324,-0.427246064,-0.793456972,15
452,0.885864258,-0.254882813,0.176513672,4.028320313,0.183105454,2.014160156,15
453,0.750610352,-0.193969727,0.105957031,1.525878787,11.90185452,10.68115139,15
454,0.622436523,-0.160644531,0.110473633,2.136230469,15.62499905,8.117675781,15
455,0.869140625,-0.22668457,0.076049805,1.037597656,-16.78466797,-12.32910061,15
456,0.955566406,-0.232910156,0.116210938,4.39453125,-4.577636719,0.24414061,15
457,0.975219727,-0.23840332,0.104980469,-4.699707031,-3.662109137,7.019042492,15
458,1.182006836,-0.277709961,0.099731445,-3.356933355,15.19775295,4.943847656,15
459,1.366577148,-0.255126953,0.077758789,-3.356933355,-2.258300781,3.60107398,15
460,1.370239258,-0.29675293,0.067138672,5.798339367,-4.821777344,-3.295898199,15
461,1.324462891,-0.325561523,0.112182617,3.173827887,-4.272460938,-8.483886719,15
462,1.094604492,-0.289916992,0.149780273,-7.995604992,-12.32910061,-10.2539053,15
463,0.9609375,-0.249145508,0.122802734,-5.554198742,-21.85058403,-15.01464748,15
464,0.79296875,-0.213867188,0.108276367,8.483886719,-10.00976563,-7.934569836,15
465,0.587768555,-0.197509766,0.119140625,2.746581793,-11.59667873,-3.295898199,15
466,0.631835938,-0.216552734,0.118896484,-10.43701077,-18.67675781,-8.178710938,15
467,0.846191406,-0.220092773,0.209960938,-4.699707031,8.850097656,12.39013577,15
468,1.129394531,-0.307006836,0.188232422,-9.521484375,-17.94433594,-1.037597656,15
469,0.975097656,-0.394287109,0.175415039,16.72363281,19.22607422,-1.098632813,15
470,0.872314453,-0.279907227,0.204711914,-13.36669827,-7.141112804,-5.249022961,15
471,0.893188477,-0.315063477,0.193969727,-6.225585461,1.281738162,-4.638671875,15
472,0.9140625,-0.298828125,0.233886719,-2.746581793,0.610351563,-2.929687262,16
473,0.8984375,-0.299560547,0.208862305,-2.868652105,5.249022961,0.610351563,16
474,0.977294922,-0.301391602,0.223022461,0.183105454,6.164550304,2.563476324,16
475,0.899536133,-0.312744141,0.190551758,0.061035153,0.061035153,-2.136230469,16
476,0.933959961,-0.297119141,0.20300293,4.760742188,3.967284918,-2.136230469,16
477,0.929931641,-0.314331055,0.187988281,3.845214605,0.24414061,1.892089725,16
478,0.890014648,-0.342163086,0.186401367,3.295898199,-0.97656244,0.671386659,16
479,0.954101563,-0.31640625,0.212646484,3.051757574,-6.958007336,0.366210908,16
480,0.963745117,-0.295532227,0.219482422,7.629394054,-6.286620617,1.281738162,16
481,0.92956543,-0.322387695,0.214477539,12.02392483,-2.807616949,3.662109137,16
482,0.806518555,-0.306396484,0.207519531,4.089355469,-9.826660156,2.807616949,16
483,0.768066406,-0.233764648,0.119140625,5.981444836,15.80810452,13.1835928,16
484,0.511474609,-0.19543457,0.12109375,-4.577636719,1.892089725,0.183105454,16
485,0.677368164,-0.19140625,0.120605469,11.96288967,26.61132622,10.31494045,16
486,0.959716797,-0.303955078,0.122070313,2.380371094,7.873534679,8.911132813,16
487,1.066650391,-0.322021484,0.117675781,-13.7329092,8.361816406,9.338378906,16
488,1.358398438,-0.274047852,0.122070313,-10.2539053,8.483886719,16.35742188,16
489,1.264770508,-0.229248047,0.104370117,-8.483886719,-24.65820122,-2.62451148,16
490,1.358520508,-0.255859375,0.157470703,8.728027344,-3.051757574,0.549316406,16
491,1.235229492,-0.309936523,0.146118164,4.8828125,-13.06152248,-9.033203125,16
492,1.158935547,-0.270874023,0.163330078,5.615233898,-4.211425781,-1.098632813,16
493,0.83190918,-0.223876953,0.190429688,4.089355469,-12.2070303,-6.042479992,16
494,0.645019531,-0.176757813,0.131347656,-7.202147961,-36.86523438,-12.14599514,16
495,0.573486328,-0.134033203,0.107910156,-1.892089725,-17.08984375,-12.2070303,16
496,0.9453125,-0.21862793,0.200683594,9.643554688,12.51220608,2.990722418,16
497,1.051879883,-0.363525391,0.254760742,9.521484375,35.21728516,12.32910061,16
498,0.79699707,-0.274536133,0.271362305,5.676269054,-12.32910061,-4.8828125,16
499,0.892700195,-0.324462891,0.246582031,-0.305175781,-9.033203125,-12.02392483,16
500,0.854858398,-0.33605957,0.247924805,-10.68115139,1.525878787,-6.469726086,16
501,0.897583008,-0.317626953,0.283813477,-11.7797842,3.723144293,-0.671386659,16
502,0.917236328,-0.298339844,0.264038086,-7.751464367,1.708984256,-0.183105454,17
503,0.92980957,-0.303588867,0.250976563,-4.516601563,2.990722418,2.502441406,17
504,0.900634766,-0.27746582,0.274414063,0.610351563,-2.380371094,1.953124881,17
505,0.911254883,-0.295654297,0.264282227,4.821777344,-3.051757574,3.295898199,17
506,0.895874023,-0.280029297,0.266601563,4.455566406,0.305175781,1.220703125,17
507,0.935302734,-0.275634766,0.248657227,7.751464367,6.713866711,0.610351563,17
508,0.927246094,-0.349975586,0.231079102,6.286620617,11.96288967,-0.48828122,17
509,0.917480469,-0.305908203,0.248657227,-3.11279273,10.86425686,0.732421815,17
510,0.932983398,-0.305297852,0.23059082,-3.662109137,0.48828122,-1.6479491,17
511,0.904418945,-0.302490234,0.243652344,-2.319335938,-5.004882813,-3.11279273,17
512,0.860473633,-0.29699707,0.229614258,-1.464843631,-1.770019412,-0.24414061,17
513,0.792602539,-0.273803711,0.187744141,-5.859374523,8.361816406,10.13183498,17
514,0.457641602,-0.182983398,0.137573242,-14.7094717,-1.953124881,2.868652105,17
515,0.829833984,-0.24987793,0.130371094,-13.00048733,34.24072266,16.23535156,17
516,0.815307617,-0.204833984,0.172119141,-2.136230469,6.042479992,-2.014160156,17
517,1.169067383,-0.254638672,0.131591797,9.27734375,26.36718559,13.91601467,17
518,1.111694336,-0.286499023,0.178100586,-4.943847656,29.05273247,13.36669827,17
519,1.471923828,-0.24621582,0.119384766,0.366210908,26.42822075,15.44189358,17
520,1.483642578,-0.245605469,0.166625977,3.906249762,-10.00976563,-2.197265625,17
521,1.203613281,-0.272705078,0.180786133,1.220703125,-22.64404106,-12.7563467,17
522,1.143676758,-0.217163086,0.167602539,3.051757574,-16.90673828,-8.056640625,17
523,0.924316406,-0.186645508,0.196899414,12.32910061,-16.72363281,-5.615233898,17
524,0.677612305,-0.224487305,0.146850586,7.141112804,-14.58740139,-5.676269054,17
525,0.528686523,-0.160644531,0.115478516,-7.751464367,-8.850097656,-13.42773342,17
526,0.712280273,-0.197265625,0.155395508,-7.141112804,9.704589844,-6.164550304,17
527,0.938720703,-0.205810547,0.258789063,-4.638671875,21.72851372,15.1367178,17
528,0.900634766,-0.401367188,0.212158203,0.183105454,-4.150390625,-7.934569836,17
529,1.021606445,-0.229614258,0.233886719,8.7890625,-0.305175781,-3.295898199,17
530,0.935058594,-0.30078125,0.256225586,2.563476324,-6.225585461,-4.39453125,17
531,0.934570313,-0.281005859,0.239013672,2.258300781,-5.310058117,-3.967284918,17
532,0.91418457,-0.272827148,0.241943359,2.868652105,5.004882813,1.464843631,18
533,0.919433594,-0.318237305,0.229003906,4.577636719,8.666992188,0.24414061,18
534,0.918945313,-0.306640625,0.233032227,-0.305175781,3.662109137,-1.953124881,18
535,0.942260742,-0.300415039,0.22668457,-0.854492128,1.770019412,-1.220703125,18
536,0.934082031,-0.308105469,0.222900391,-0.549316406,1.708984256,-0.97656244,18
537,0.914916992,-0.304931641,0.220092773,0.610351563,0.549316406,-0.305175781,18
538,0.905639648,-0.311767578,0.218139648,0.610351563,0.854492128,0.122070305,18
539,0.909057617,-0.311767578,0.220458984,0,1.403808475,0.854492128,18
540,0.902587891,-0.30090332,0.208496094,0,2.380371094,2.929687262,18
541,0.897949219,-0.294067383,0.206054688,-0.366210908,8.544921875,9.521484375,18
542,0.764892578,-0.226196289,0.158325195,-2.807616949,7.751464367,14.7094717,18
543,0.407348633,-0.176147461,0.084716797,-10.68115139,3.479003668,2.075195313,18
544,0.84375,-0.102539063,0.083740234,4.39453125,2.44140625,5.615233898,18
545,1.024658203,-0.244995117,0.129272461,4.455566406,13.7329092,11.53564358,18
546,1.09375,-0.28137207,0.126586914,-0.854492128,16.29638672,8.911132813,18
547,1.376831055,-0.264038086,0.094604492,-3.11279273,29.05273247,15.01464748,18
548,1.366943359,-0.224487305,0.100708008,-10.98632717,-14.03808498,-6.958007336,18
549,1.400634766,-0.236816406,0.139892578,3.845214605,-5.737304211,-3.479003668,18
550,1.209472656,-0.215209961,0.135375977,7.507323742,-12.08495998,-1.525878787,18
551,1.019775391,-0.226196289,0.159301758,10.19287014,-18.12744141,-2.197265625,18
552,0.692260742,-0.145019531,0.107666016,-1.525878787,-22.0336895,-4.272460938,18
553,0.389526367,-0.114013672,0.077392578,-12.7563467,-23.37646294,-35.33935547,18
554,0.657470703,-0.188354492,0.192260742,-2.746581793,19.47021484,-13.12255764,18
555,0.950317383,-0.24609375,0.201660156,-9.399414063,-33.93554688,-0.48828122,18
556,0.934570313,-0.382324219,0.218139648,6.896972179,4.028320313,-3.11279273,18
557,0.934936523,-0.251464844,0.253051758,0.427246064,-6.408690929,-2.62451148,18
558,0.939941406,-0.315063477,0.224243164,7.202147961,-3.967284918,-0.427246064,18
559,0.91784668,-0.307983398,0.217041016,1.342773318,-3.173827887,-1.464843631,18
560,0.903930664,-0.29699707,0.236694336,1.770019412,-0.305175781,0.915527284,18
561,0.917724609,-0.310058594,0.219848633,0.061035153,-2.380371094,-1.770019412,19
562,0.947021484,-0.305175781,0.206420898,0.24414061,0.549316406,-1.464843631,19
563,0.927612305,-0.293457031,0.213745117,2.197265625,-0.122070305,-0.671386659,19
564,0.919799805,-0.314331055,0.22644043,2.380371094,0.793456972,0.305175781,19
565,0.930786133,-0.322265625,0.220703125,1.953124881,-1.037597656,-0.48828122,19
566,0.913085938,-0.306762695,0.227416992,1.098632813,0.24414061,-0.427246064,19
567,0.921020508,-0.319702148,0.224243164,-1.464843631,3.234863043,0.732421815,19
568,0.901489258,-0.304077148,0.206176758,-1.708984256,3.356933355,4.211425781,19
569,0.848999023,-0.259033203,0.187255859,3.906249762,14.89257717,12.63427639,19
570,0.490966797,-0.171264648,0.111328125,-2.62451148,-13.24462795,2.563476324,19
571,0.533691406,-0.147583008,0.181762695,8.850097656,39.73388672,26.916502,19
572,1.082519531,-0.237792969,0.078369141,-13.24462795,2.197265625,15.31982327,19
573,1.056274414,-0.21081543,0.112792969,-9.399414063,8.117675781,9.27734375,19
574,1.195922852,-0.204345703,0.063842773,-7.141112804,3.60107398,1.708984256,19
575,1.297973633,-0.243530273,0.057617188,-7.324218273,3.540038824,4.943847656,19
576,1.37487793,-0.23046875,0.106079102,-3.234863043,-5.676269054,-6.835937023,19
577,1.361328125,-0.254760742,0.119384766,-3.967284918,-5.432128429,-4.699707031,19
578,1.264160156,-0.249755859,0.142578125,1.403808475,-11.35253811,-11.10839748,19
579,1.018920898,-0.216430664,0.154663086,5.737304211,-15.86913967,-6.896972179,19
580,0.591552734,-0.144775391,0.145141602,-0.793456972,-27.40478325,-4.455566406,19
581,0.518188477,-0.107299805,0.103515625,-7.324218273,-40.46630478,-25.81786919,19
582,0.478393555,-0.211547852,0.206665039,0.366210908,3.723144293,-11.35253811,19
583,1.100708008,-0.193603516,0.184570313,0.366210908,-7.385253429,12.32910061,19
584,0.883300781,-0.374389648,0.237060547,4.8828125,9.887695313,-2.502441406,19
585,0.926757813,-0.307983398,0.21496582,4.699707031,-5.493163586,-9.826660156,19
586,0.940917969,-0.26159668,0.229980469,-1.708984256,2.563476324,2.319335938,19
587,0.909301758,-0.273193359,0.256958008,-3.845214605,-2.929687262,2.685546637,19
588,0.919555664,-0.28527832,0.240234375,1.220703125,-6.835937023,-0.48828122,19
589,0.905029297,-0.293579102,0.236083984,2.807616949,-2.014160156,-1.098632813,19
590,0.929321289,-0.298828125,0.250610352,2.075195313,-1.892089725,-1.953124881,20
591,0.916381836,-0.308837891,0.238891602,-0.24414061,-0.183105454,-3.417968512,20
592,0.902954102,-0.302490234,0.256958008,-3.11279273,5.920409679,-2.685546637,20
593,0.915283203,-0.300415039,0.242797852,-6.469726086,5.737304211,0.183105454,20
594,0.934570313,-0.300537109,0.245849609,-7.507323742,1.464843631,-0.610351563,20
595,0.922485352,-0.283447266,0.232543945,-4.699707031,0.366210908,-0.732421815,20
596,0.908935547,-0.284179688,0.236206055,-1.6479491,4.028320313,1.6479491,20
597,0.940551758,-0.302978516,0.228271484,-0.671386659,0.549316406,-0.610351563,20
598,0.913452148,-0.267700195,0.20703125,2.502441406,0.305175781,2.685546637,20
599,0.847900391,-0.221923828,0.172851563,7.446288586,8.422851563,14.46533108,20
600,0.419799805,-0.130004883,0.124633789,2.563476324,-23.13232231,-1.770019412,20
601,0.817504883,-0.170410156,0.096923828,15.86913967,43.45702744,36.49902344,20
602,0.955200195,-0.221313477,0.114990234,-1.098632813,17.02880859,20.81298637,20
603,1.075561523,-0.217895508,0.13659668,-18.06640625,-0.671386659,1.464843631,20
604,1.137939453,-0.22277832,0.103393555,-12.57324123,10.74218655,-1.037597656,20
605,1.446655273,-0.172241211,0.064941406,-2.868652105,-8.30078125,-10.19287014,20
606,1.284179688,-0.243164063,0.146972656,12.51220608,1.892089725,-2.563476324,20
607,1.39855957,-0.211669922,0.178344727,-0.24414061,-20.99609184,2.380371094,20
608,1.206665039,-0.235229492,0.183349609,0.549316406,-15.93017483,0.610351563,20
609,0.992431641,-0.19519043,0.176391602,8.972167969,-22.21679497,-2.44140625,20
610,0.573242188,-0.159667969,0.119384766,4.272460938,-11.53564358,-4.760742188,20
611,0.422607422,-0.104125977,0.130371094,-13.30566311,-35.82763672,-39.73388672,20
612,0.752685547,-0.198364258,0.235839844,-0.549316406,28.99169731,-1.098632813,20
613,0.952514648,-0.248901367,0.183837891,0.671386659,-10.31494045,-0.305175781,20
614,0.999511719,-0.348388672,0.221069336,6.591796398,4.333496094,-3.173827887,20
615,0.901489258,-0.274780273,0.241821289,0.48828122,-5.371093273,-3.051757574,20
616,0.893798828,-0.305664063,0.224365234,0.610351563,4.638671875,2.319335938,20
617,0.94128418,-0.30480957,0.229492188,-5.676269054,0.427246064,-0.24414061,20
618,0.947265625,-0.278320313,0.240844727,-5.187987804,6.713866711,1.770019412,20
619,0.931884766,-0.280517578,0.225830078,-2.502441406,3.540038824,0.427246064,20
620,0.90637207,-0.275390625,0.220581055,-1.037597656,2.258300781,0.793456972,21
621,0.928710938,-0.257446289,0.221557617,2.502441406,4.821777344,-0.305175781,21
622,0.950073242,-0.289550781,0.198608398,1.464843631,1.6479491,-1.892089725,21
623,0.934570313,-0.290161133,0.178344727,0.732421815,1.281738162,-2.990722418,21
624,0.932495117,-0.293579102,0.192993164,0.549316406,3.662109137,-1.403808475,21
625,0.945068359,-0.294555664,0.19140625,-0.305175781,-2.685546637,-1.464843631,21
626,0.94140625,-0.275268555,0.19519043,1.953124881,-2.685546637,1.708984256,21
627,0.942138672,-0.279907227,0.194824219,2.746581793,-1.892089725,4.39453125,21
628,0.895507813,-0.270629883,0.166259766,3.60107398,1.831054568,8.178710938,21
629,0.761108398,-0.19543457,0.161743164,1.892089725,11.16943264,24.84130669,21
630,0.313598633,-0.111938477,0.09753418,-11.59667873,-13.85497952,2.746581793,21
631,1.01965332,-0.138671875,-0.003540039,1.220703125,47.05810165,15.1367178,21
632,0.956542969,-0.176757813,0.163085938,1.342773318,35.88867188,16.29638672,21
633,1.197265625,-0.169555664,0.128540039,-1.098632813,9.155273438,6.896972179,21
634,1.446899414,-0.236938477,0.104980469,-3.295898199,18.73779297,10.49804592,21
635,1.609985352,-0.190917969,0.050292969,-12.14599514,-27.58788872,-10.98632717,21
636,1.384643555,-0.145019531,0.133422852,6.164550304,-21.11816216,-12.2070303,21
637,1.074462891,-0.186401367,0.148925781,7.141112804,-22.64404106,-14.7094717,21
638,0.853759766,-0.1484375,0.150024414,0.549316406,-35.94970703,-18.24951172,21
639,0.647094727,-0.122070313,0.148071289,0.427246064,-5.676269054,-8.605957031,21
640,0.384521484,-0.123046875,0.140991211,-17.21191406,-26.18408012,-34.54589844,21
641,0.966430664,-0.194091797,0.231933594,-0.061035153,5.065917492,-5.004882813,21
642,0.912963867,-0.392456055,0.225097656,-7.080077648,-33.63037109,-7.263183117,21
643,0.979980469,-0.306030273,0.277709961,13.61083889,6.103515148,1.342773318,21
644,0.850097656,-0.260986328,0.243164063,5.615233898,-0.183105454,-0.183105454,21
645,0.911743164,-0.33203125,0.261108398,4.577636719,1.525878787,1.098632813,21
646,0.898803711,-0.319335938,0.228393555,-2.136230469,-7.751464367,-4.39453125,21
647,0.916015625,-0.290771484,0.244506836,0.122070305,-3.60107398,-2.990722418,21
648,0.879760742,-0.311035156,0.258666992,3.662109137,-3.540038824,-2.807616949,21
649,0.904907227,-0.333007813,0.248901367,2.563476324,0.610351563,-1.403808475,22
650,0.922607422,-0.352172852,0.244506836,-0.24414061,0.183105454,-2.136230469,22
651,0.927368164,-0.341674805,0.24987793,-3.295898199,3.967284918,-1.403808475,22
652,0.912719727,-0.334838867,0.256713867,-5.004882813,0.305175781,-1.464843631,22
653,0.907958984,-0.323730469,0.255126953,-3.967284918,0.915527284,-0.061035153,22
654,0.925415039,-0.332763672,0.255004883,-1.281738162,1.220703125,1.586913943,22
655,0.900268555,-0.334594727,0.259155273,0.122070305,3.479003668,2.319335938,22
656,0.887939453,-0.321655273,0.256958008,0.183105454,1.464843631,1.953124881,22
657,0.901367188,-0.323364258,0.26159668,0.305175781,4.150390625,1.525878787,22
658,0.878417969,-0.311279297,0.249145508,0.915527284,4.8828125,3.173827887,22
659,0.77746582,-0.250610352,0.209228516,3.906249762,14.7094717,17.76123047,22
660,0.350585938,-0.148071289,0.103149414,-5.615233898,-8.7890625,7.263183117,22
661,0.713012695,-0.149658203,0.099609375,11.41357327,48.40087509,34.36279297,22
662,0.875244141,-0.209594727,0.154785156,-10.43701077,-3.234863043,7.507323742,22
663,1.176147461,-0.178222656,0.135986328,-14.03808498,2.685546637,7.324218273,22
664,1.370117188,-0.226928711,0.106201172,-5.554198742,14.1601553,7.324218273,22
665,1.851806641,-0.286743164,0.002563477,-2.990722418,-9.643554688,-7.080077648,22
666,1.466918945,-0.260498047,0.107666016,6.896972179,-5.920409679,-3.967284918,22
667,1.128662109,-0.226074219,0.126953125,4.028320313,-18.67675781,-10.19287014,22
668,0.871948242,-0.155639648,0.144042969,2.685546637,-37.17041016,-10.98632717,22
669,0.666015625,-0.120849609,0.133911133,5.981444836,-18.00537109,-6.713866711,22
670,0.599243164,-0.159667969,0.141235352,2.868652105,-18.73779297,-23.55956841,22
671,0.819580078,-0.25,0.19909668,-11.35253811,3.906249762,-18.49365234,22
672,1.133544922,-0.233764648,0.087890625,1.892089725,16.41845703,0.122070305,22
673,0.969238281,-0.293212891,0.209106445,4.211425781,25.81786919,-4.577636719,22
674,0.967285156,-0.330322266,0.175537109,-7.507323742,-11.71874905,-3.540038824,22
675,0.933837891,-0.311279297,0.178344727,-2.136230469,8.850097656,3.479003668,22
676,0.910766602,-0.289672852,0.187744141,-7.263183117,-1.037597656,-0.671386659,22
677,0.948730469,-0.202636719,0.269287109,-0.854492128,-3.051757574,-0.48828122,23
678,0.93737793,-0.198608398,0.270141602,-0.305175781,1.770019412,1.525878787,23
679,0.934448242,-0.206665039,0.277709961,-0.549316406,-1.037597656,0.793456972,23
680,0.931518555,-0.200561523,0.278564453,-0.610351563,1.281738162,0.610351563,23
681,0.912353516,-0.198364258,0.286254883,-0.732421815,-0.427246064,1.342773318,23
682,0.919677734,-0.198120117,0.289794922,-0.671386659,0.427246064,0.732421815,23
683,0.916259766,-0.196411133,0.28515625,0.24414061,-0.732421815,0.732421815,23
684,0.932861328,-0.200561523,0.28503418,0.793456972,-0.366210908,0.48828122,23
685,0.93371582,-0.187744141,0.294311523,0.427246064,0.610351563,-0.24414061,23
686,0.938598633,-0.194335938,0.28112793,0.183105454,2.380371094,0.183105454,23
687,0.935791016,-0.199829102,0.280761719,0,1.525878787,0.427246064,23
688,0.944824219,-0.200927734,0.28125,0.915527284,-0.97656244,-0.24414061,23
689,0.932983398,-0.190917969,0.274291992,-0.97656244,2.44140625,2.319335938,23
690,0.839355469,-0.175048828,0.202880859,-3.662109137,5.798339367,9.826660156,23
691,0.417236328,-0.128173828,0.140014648,-11.41357327,-19.47021484,0.549316406,23
692,0.882568359,-0.047241211,0.124023438,6.408690929,38.33007813,34.24072266,23
693,0.863891602,-0.065551758,0.207885742,-4.943847656,31.12792778,29.72411919,23
694,1.125732422,-0.047729492,0.172485352,-2.319335938,-14.46533108,4.333496094,23
695,1.218139648,0.009033203,0.15612793,2.563476324,-1.464843631,6.469726086,23
696,1.221435547,0.005126953,0.174682617,10.00976563,-0.610351563,7.568358898,23
697,1.557006836,0.037109375,0.223510742,9.521484375,20.87402153,6.225585461,23
698,1.315551758,-0.01171875,0.223266602,5.310058117,-25.39062309,-15.50292873,23
699,1.189453125,-0.030761719,0.209838867,2.62451148,-8.666992188,-12.32910061,23
700,0.955688477,-0.065063477,0.244140625,1.6479491,-6.713866711,-9.399414063,23
701,0.761230469,-0.037841797,0.150268555,-0.305175781,-19.95849609,-13.54980373,23
702,0.457275391,-0.054321289,0.14050293,-2.746581793,-2.380371094,-25.02441216,23
703,0.88293457,-0.073120117,0.245483398,7.812499523,40.28319931,-2.136230469,23
704,0.783325195,-0.205444336,0.297729492,8.911132813,0.48828122,-0.366210908,23
705,0.929931641,-0.115844727,0.275512695,-6.591796398,-20.20263481,-8.361816406,23
706,0.961303711,-0.186279297,0.243164063,4.760742188,-3.173827887,-5.004882813,23
707,0.951293945,-0.196655273,0.137451172,-0.48828122,-2.136230469,-0.305175781,24
708,0.961914063,-0.19128418,0.136474609,0.610351563,-2.563476324,-1.220703125,24
709,0.939331055,-0.18347168,0.154541016,2.380371094,-1.831054568,-0.061035153,24
710,0.95703125,-0.214233398,0.143798828,1.708984256,0.48828122,0.305175781,24
711,0.957397461,-0.22668457,0.1484375,-2.563476324,0.366210908,-1.525878787,24
712,0.951782227,-0.201171875,0.146362305,-1.098632813,1.220703125,-3.417968512,24
713,0.971435547,-0.204345703,0.161865234,-0.793456972,1.098632813,-1.586913943,24
714,0.955566406,-0.217041016,0.149536133,-0.24414061,0,-2.075195313,24
715,0.933105469,-0.202514648,0.141967773,0.915527284,2.62451148,0.97656244,24
716,0.88269043,-0.169067383,0.129394531,5.126952648,7.568358898,13.06152248,24
717,0.469604492,-0.141967773,0.105834961,-0.48828122,-23.07128716,3.906249762,24
718,0.752563477,-0.112548828,0.068847656,-6.896972179,-1.220703125,6.347655773,24
719,0.948120117,-0.116577148,0.083984375,-15.99120998,25.87890434,14.46533108,24
720,1.039306641,-0.10559082,0.05871582,-10.43701077,11.2304678,6.103515148,24
721,1.125854492,-0.128295898,0.024169922,0.671386659,11.29150295,-0.793456972,24
722,1.468505859,-0.081298828,0.024169922,3.173827887,18.85986328,17.82226563,24
723,1.631713867,-0.134277344,0.003540039,0.305175781,-20.56884575,-0.915527284,24
724,1.363769531,-0.096435547,0.046020508,-1.281738162,-10.86425686,-2.62451148,24
725,1.113525391,-0.061523438,0.070678711,11.65771389,-22.88818169,-11.41357327,24
726,0.906616211,-0.111572266,0.092041016,15.25878811,-14.7094717,-5.737304211,24
727,0.659179688,-0.093505859,0.107543945,4.028320313,-16.35742188,-8.972167969,24
728,0.535644531,-0.102783203,0.103637695,-13.06152248,-27.09960747,-36.25488281,24
729,0.861328125,-0.114624023,0.186401367,-15.80810452,9.826660156,-11.96288967,24
730,1.009521484,-0.251953125,0.125244141,-5.615233898,-4.821777344,-6.225585461,24
731,0.857543945,-0.194580078,0.217529297,0.671386659,2.197265625,-3.967284918,24
732,0.991088867,-0.211425781,0.174072266,4.150390625,-2.502441406,-2.258300781,24
733,0.864624023,-0.256713867,0.185546875,8.605957031,-4.516601563,-3.11279273,24
734,0.983032227,-0.25,0.198974609,4.028320313,-2.563476324,-2.380371094,24
735,0.960205078,-0.263427734,0.193969727,-0.915527284,-1.892089725,-2.258300781,24
736,0.936279297,-0.254516602,0.188476563,-2.075195313,-1.464843631,-3.784179449,24