Timestamp,Accel X,Accel Y,Accel Z,Gyro X,Gyro Y,Gyro Z,Start Flag
1733488577.7816112,0.3597412109375,0.8497314453125,-0.37548828125,1.8310545682907104,7.324218273162842,-0.54931640625,0
1733488578.2928905,0.3262939453125,0.8543701171875,-0.380126953125,-4.33349609375,-2.746581792831421,2.197265625,0
1733488578.2952323,0.3306884765625,0.8433837890625,-0.3656005859375,-3.112792730331421,-1.220703125,2.197265625,0
1733488578.2952323,0.316162109375,0.8677978515625,-0.36669921875,0.4882812201976776,1.7700194120407104,-0.1831054538488388,0
1733488578.2966459,0.306396484375,0.876953125,-0.365234375,2.929687261581421,2.44140625,-0.7324218153953552,0
1733488578.3796961,0.330322265625,0.85595703125,-0.3721923828125,6.042479991912842,2.13623046875,1.0986328125,0
1733488578.5000243,0.3646240234375,0.8438720703125,-0.361083984375,1.6479490995407104,3.845214605331421,2.929687261581421,0
1733488578.6192448,0.3907470703125,0.833740234375,-0.3460693359375,-0.3662109076976776,2.0751953125,0.9155272841453552,0
1733488578.7402897,0.342529296875,0.85546875,-0.352783203125,-1.0986328125,1.15966796875,0.1831054538488388,0
1733488578.8606248,0.36083984375,0.84423828125,-0.3543701171875,-2.38037109375,-6.042479991912842,-0.3662109076976776,0
1733488578.9802983,0.346435546875,0.851806640625,-0.3492431640625,0.9765624403953552,3.112792730331421,-0.4272460639476776,0
1733488579.1002197,0.3546142578125,0.8524169921875,-0.3558349609375,-1.2817381620407104,2.0751953125,1.3427733182907104,0
1733488579.2201521,0.3519287109375,0.8311767578125,-0.4122314453125,-6.103515148162842,-0.30517578125,0.7934569716453552,0
1733488579.340599,0.347412109375,0.751953125,-0.8780517578125,-121.03270721435547,10.681151390075684,-7.995604991912842,0
1733488579.4602103,0.366455078125,0.8443603515625,-1.370849609375,-252.74656677246094,75.74462890625,-38.2080078125,0
1733488579.579499,0.4952392578125,0.6148681640625,-1.3912353515625,-341.9799499511719,60.424800872802734,-46.325679779052734,0
1733488579.819712,0.58740234375,0.20703125,-0.44287109375,-336.2426452636719,77.1484375,-41.931148529052734,0
1733488579.8207128,-0.045166015625,-0.3590087890625,0.21875,-66.22314453125,-37.841796875,-10.620116233825684,0
1733488580.000323,0.3409423828125,-0.81201171875,-0.203125,83.86229705810547,-6.958007335662842,11.169432640075684,0
1733488580.1200552,0.2310791015625,-0.44921875,-0.4461669921875,187.01170349121094,-0.8544921278953552,50.476070404052734,0
1733488580.180226,0.2677001953125,-0.121826171875,-0.7015380859375,272.88818359375,-14.892577171325684,52.551265716552734,0
1733488580.3004818,1.6927490234375,0.2266845703125,-0.04931640625,320.9228515625,-12.878417015075684,-33.0810546875,0
1733488580.539822,0.79931640625,0.2645263671875,-0.6981201171875,317.81005859375,2.25830078125,-144.95849609375,0
1733488580.54184,0.650390625,0.746826171875,-0.489501953125,110.22948455810547,35.0341796875,18.49365234375,0
1733488580.7206602,0.3907470703125,0.86279296875,-0.448486328125,55.603023529052734,56.579586029052734,-1.4038084745407104,0
1733488580.7803366,0.2445068359375,0.8868408203125,-0.4248046875,24.169919967651367,14.099120140075684,-11.047362327575684,0
1733488580.8999949,0.410400390625,0.8746337890625,-0.2607421875,4.82177734375,38.14697265625,-6.774901866912842,0
1733488581.0205615,0.479736328125,0.8226318359375,-0.2025146484375,-10.437010765075684,12.084959983825684,-7.629394054412842,0
1733488581.1403482,0.370361328125,0.8663330078125,-0.2288818359375,-33.3251953125,-32.958984375,0.6103515625,0
1733488581.260604,0.372802734375,0.9000244140625,-0.2430419921875,-14.587401390075684,6.225585460662842,3.112792730331421,0
1733488581.8179808,0.4063720703125,0.8651123046875,-0.262939453125,-10.620116233825684,-5.065917491912842,6.286620616912842,1
1733488581.8189285,0.3380126953125,0.85791015625,-0.292724609375,0.8544921278953552,-6.652831554412842,1.7089842557907104,1
1733488581.8202615,0.368896484375,0.8692626953125,-0.286865234375,3.662109136581421,-3.540038824081421,2.44140625,1
1733488581.8202615,0.4261474609375,0.8404541015625,-0.2738037109375,2.197265625,-2.746581792831421,3.173827886581421,1
1733488581.859493,0.41455078125,0.8372802734375,-0.270263671875,-2.990722417831421,-15.686034202575684,5.676269054412842,1
1733488581.9797807,0.367431640625,0.8868408203125,-0.2672119140625,-6.713866710662842,-11.413573265075684,0.9765624403953552,1
1733488582.1597679,0.373046875,0.8736572265625,-0.2596435546875,-1.7089842557907104,3.295898199081421,-0.3662109076976776,1
1733488582.219776,0.4022216796875,0.864501953125,-0.2611083984375,0.1831054538488388,-1.03759765625,1.220703125,1
1733488582.4002733,0.3597412109375,0.8804931640625,-0.27587890625,-0.4272460639476776,-4.82177734375,2.13623046875,1
1733488582.460711,0.3599853515625,0.8704833984375,-0.2760009765625,-3.845214605331421,-5.554198741912842,0.1220703050494194,1
1733488582.6992881,0.3465576171875,0.890625,-0.2828369140625,-4.0283203125,-5.187987804412842,1.7089842557907104,1
1733488582.7012906,0.3089599609375,0.761474609375,-0.5194091796875,-42.419429779052734,14.282225608825684,7.019042491912842,1
1733488582.8195937,0.5364990234375,0.98779296875,-1.4840087890625,-269.71435546875,138.73291015625,-2.746581792831421,1
1733488582.940347,0.324951171875,0.8431396484375,-1.3992919921875,-336.9140319824219,46.569820404052734,11.596678733825684,1
1733488583.1205523,0.588623046875,0.214599609375,-0.8658447265625,-331.7260437011719,6.896972179412842,-7.568358898162842,1
1733488583.1794107,-0.115966796875,-0.3260498046875,-0.196044921875,-182.80027770996094,-11.047362327575684,-27.832029342651367,1
1733488583.3001933,-0.52197265625,-0.36181640625,-0.3408203125,85.20507049560547,68.05419921875,31.738279342651367,1
1733488583.4204156,-0.085693359375,-0.4547119140625,-0.5943603515625,190.91795349121094,0.7324218153953552,36.7431640625,1
1733488583.540545,0.4241943359375,-0.236083984375,-0.3720703125,233.39842224121094,-77.69775390625,27.832029342651367,1
1733488583.660238,0.7408447265625,0.267578125,-0.9345703125,235.59568786621094,-73.1201171875,54.626461029052734,1
1733488583.7803009,0.31005859375,1.123291015625,-1.248291015625,223.51072692871094,-271.6064453125,-31.311033248901367,1
1733488583.9005625,0.3516845703125,0.8526611328125,-0.7257080078125,121.45995330810547,-6.103515148162842,3.845214605331421,1
1733488584.0205045,0.3660888671875,0.7799072265625,-0.5009765625,51.635738372802734,10.314940452575684,6.164550304412842,1
1733488584.1405504,0.2332763671875,0.87646484375,-0.352783203125,4.2724609375,21.667478561401367,-1.15966796875,1
1733488584.2608058,0.3621826171875,0.9677734375,-0.1514892578125,-1.9531248807907104,26.123044967651367,4.94384765625,1
1733488584.3802664,0.36669921875,0.8741455078125,-0.2354736328125,-7.385253429412842,13.000487327575684,-1.3427733182907104,1
1733488584.5006933,0.3233642578125,0.9300537109375,-0.1654052734375,-3.723144292831421,7.751464366912842,4.638671875,1
1733488584.6209445,0.465576171875,0.86865234375,-0.1826171875,-3.601073980331421,-5.981444835662842,1.220703125,1
1733488584.7403457,0.3221435546875,0.921630859375,-0.26025390625,-2.685546636581421,1.3427733182907104,-2.01416015625,1
1733488585.3524315,0.3411865234375,0.88818359375,-0.2015380859375,-0.1831054538488388,6.652831554412842,-1.5258787870407104,2
1733488585.3537354,0.3565673828125,0.89404296875,-0.203125,-1.9531248807907104,5.065917491912842,-3.112792730331421,2
1733488585.3545008,0.3463134765625,0.880126953125,-0.257568359375,-5.126952648162842,2.868652105331421,2.13623046875,2
1733488585.3545008,0.4451904296875,0.8421630859375,-0.2413330078125,-11.413573265075684,9.033203125,-0.9155272841453552,2
1733488585.3557022,0.3154296875,0.90869140625,-0.2357177734375,-2.624511480331421,-3.540038824081421,-0.8544921278953552,2
1733488585.4603906,0.3768310546875,0.8743896484375,-0.2508544921875,1.9531248807907104,0.7934569716453552,1.5258787870407104,2
1733488585.5801768,0.3505859375,0.886474609375,-0.2603759765625,-0.7934569716453552,-7.141112804412842,0.30517578125,2
1733488585.6996431,0.341064453125,0.898681640625,-0.2694091796875,-0.30517578125,-5.615233898162842,0.6103515625,2
1733488585.8203464,0.32861328125,0.9019775390625,-0.260009765625,0.8544921278953552,6.408690929412842,-0.2441406100988388,2
1733488585.9406765,0.3631591796875,0.86962890625,-0.234130859375,-0.8544921278953552,-2.25830078125,2.38037109375,2
1733488586.0605133,0.34716796875,0.8824462890625,-0.26123046875,-0.6713866591453552,-0.30517578125,2.746581792831421,2
1733488586.1799011,0.309814453125,0.8265380859375,-0.4368896484375,-35.82763671875,-1.0986328125,6.042479991912842,2
1733488586.299962,0.4600830078125,0.9061279296875,-1.0672607421875,-201.96531677246094,40.405269622802734,-12.207030296325684,2
1733488586.4200706,0.38330078125,1.025146484375,-1.51806640625,-317.9931640625,65.24658203125,-19.95849609375,2
1733488586.5400808,0.4779052734375,0.27392578125,-0.9447021484375,-331.7260437011719,22.216794967651367,-11.413573265075684,2
1733488586.6593165,0.0269775390625,-0.2266845703125,-0.41259765625,-248.96238708496094,51.147457122802734,-16.11328125,2
1733488586.7802923,-0.228271484375,-0.34033203125,-0.21923828125,19.34814453125,-21.911619186401367,15.930174827575684,2
1733488586.8999178,0.087646484375,-0.4921875,-0.347900390625,123.96239471435547,-50.231929779052734,-1.03759765625,2
1733488587.020555,0.2222900390625,-0.1126708984375,-0.72216796875,237.06053161621094,18.98193359375,14.526366233825684,2
1733488587.1399937,-0.2899169921875,0.44384765625,-1.3358154296875,267.9443359375,-8.7890625,63.964839935302734,2
1733488587.2615623,1.64501953125,0.464599609375,-0.54052734375,235.90086364746094,-186.34031677246094,16.66259765625,2
1733488587.3800435,1.0599365234375,0.58837890625,-0.5283203125,240.84471130371094,26.184080123901367,-65.91796875,2
1733488587.5007162,0.686279296875,0.697021484375,-0.32763671875,89.05028533935547,56.152339935302734,-2.685546636581421,2
1733488587.6204948,0.321044921875,0.887939453125,-0.3194580078125,47.790523529052734,47.912593841552734,-1.15966796875,2
1733488587.7401037,0.3365478515625,0.8695068359375,-0.269775390625,8.1787109375,12.817381858825684,1.5258787870407104,2
1733488587.859826,0.45458984375,0.9112548828125,-0.150634765625,-13.366698265075684,-7.080077648162842,2.197265625,2
1733488587.980352,0.4381103515625,0.8651123046875,-0.1763916015625,-8.48388671875,-6.958007335662842,-3.173827886581421,2
1733488588.1004462,0.3636474609375,0.92138671875,-0.1363525390625,-12.451170921325684,5.432128429412842,-2.38037109375,2
1733488588.2211187,0.4847412109375,0.8717041015625,-0.135986328125,-5.981444835662842,-6.591796398162842,-2.0751953125,2
1733488588.3405259,0.38427734375,0.9083251953125,-0.1434326171875,-2.13623046875,-4.82177734375,-2.624511480331421,2
1733488588.855336,0.4307861328125,0.8870849609375,-0.1895751953125,14.099120140075684,14.343260765075684,2.563476324081421,3
1733488588.856242,0.37890625,0.8577880859375,-0.1971435546875,0.9155272841453552,-2.0751953125,-0.0610351525247097,3
1733488588.8572946,0.3787841796875,0.8931884765625,-0.138671875,5.493163585662842,18.61572265625,2.624511480331421,3
1733488588.8574684,0.4351806640625,0.855224609375,-0.14892578125,2.197265625,-5.0048828125,3.723144292831421,3
1733488588.9397588,0.2239990234375,0.93896484375,-0.1734619140625,13.793944358825684,6.286620616912842,3.417968511581421,3
1733488589.0605335,0.341064453125,0.9393310546875,-0.1436767578125,7.019042491912842,24.108884811401367,2.563476324081421,3
1733488589.2990456,0.40576171875,0.8778076171875,-0.161865234375,-4.0283203125,-1.4038084745407104,0.0,3
1733488589.3002741,0.3653564453125,0.9111328125,-0.12255859375,-2.50244140625,3.234863042831421,0.4882812201976776,3
1733488589.4202645,0.3939208984375,0.896728515625,-0.147216796875,-4.94384765625,-2.197265625,-0.7934569716453552,3
1733488589.6597776,0.3597412109375,0.9044189453125,-0.1834716796875,-5.0048828125,-4.5166015625,-1.220703125,3
1733488589.6615283,0.3807373046875,0.89990234375,-0.1373291015625,-8.23974609375,-5.737304210662842,-0.2441406100988388,3
1733488589.7798414,0.4031982421875,0.8651123046875,-0.2333984375,-12.084959983825684,-1.7089842557907104,0.6103515625,3
1733488589.9003077,0.369384765625,0.828857421875,-0.673095703125,-114.80712127685547,76.96533203125,-16.66259765625,3
1733488590.0195298,0.5068359375,0.9403076171875,-1.44677734375,-299.13330078125,60.363765716552734,-26.367185592651367,3
1733488590.1399982,0.280029296875,0.8197021484375,-1.6234130859375,-392.8222351074219,128.7841796875,9.09423828125,3
1733488590.2602286,-0.1370849609375,0.473876953125,-0.656005859375,-307.92236328125,125.67137908935547,-32.04345703125,3
1733488590.380081,0.0845947265625,-0.16455078125,-0.0159912109375,-17.578125,-142.333984375,2.868652105331421,3
1733488590.5001667,0.3240966796875,-0.87158203125,-0.4979248046875,100.76903533935547,-32.8369140625,0.7324218153953552,3
1733488590.680083,-0.009033203125,-0.4097900390625,-0.4871826171875,168.64012145996094,44.006343841552734,30.883787155151367,3
1733488590.7402291,0.3292236328125,-0.0098876953125,-0.91455078125,205.56639099121094,-102.35594940185547,24.963376998901367,3
1733488590.8603358,-0.0587158203125,0.638671875,-1.172607421875,247.98582458496094,34.24072265625,37.90283203125,3
1733488590.9803147,0.9822998046875,0.85888671875,-0.6070556640625,274.59716796875,-11.108397483825684,8.72802734375,3
1733488591.1008801,0.53955078125,0.7215576171875,-0.6328125,150.81787109375,-34.912109375,32.04345703125,3
1733488591.2203026,0.484130859375,0.8837890625,-0.3560791015625,28.625486373901367,-38.39111328125,2.624511480331421,3
1733488591.340266,0.473388671875,0.8272705078125,-0.2479248046875,5.615233898162842,-10.559081077575684,-1.2817381620407104,3
1733488591.4608052,0.438720703125,0.8912353515625,-0.181884765625,-9.1552734375,16.2353515625,1.8310545682907104,3
1733488591.5797048,0.3968505859375,0.8587646484375,-0.192138671875,-8.97216796875,-1.4648436307907104,2.13623046875,3
1733488591.700271,0.4071044921875,0.876220703125,-0.151611328125,-8.36181640625,6.164550304412842,-1.03759765625,3
1733488591.8203702,0.4029541015625,0.882568359375,-0.16015625,-4.82177734375,-5.065917491912842,-0.2441406100988388,3
1733488592.394895,0.3404541015625,0.8988037109375,-0.2313232421875,-0.9765624403953552,5.554198741912842,-1.0986328125,4
1733488592.3958066,0.3585205078125,0.8905029296875,-0.2069091796875,3.356933355331421,3.784179449081421,1.4038084745407104,4
1733488592.396828,0.4027099609375,0.8707275390625,-0.1905517578125,-0.2441406100988388,-2.685546636581421,0.2441406100988388,4
1733488592.396828,0.3802490234375,0.88525390625,-0.21484375,-3.845214605331421,-4.57763671875,0.9765624403953552,4
1733488592.3982277,0.38525390625,0.87158203125,-0.2010498046875,-3.601073980331421,-9.09423828125,-0.6713866591453552,4
1733488592.4792085,0.326904296875,0.89794921875,-0.22314453125,-1.7089842557907104,-7.080077648162842,-0.7934569716453552,4
1733488592.599978,0.3148193359375,0.905029296875,-0.2298583984375,-0.54931640625,1.7089842557907104,-0.30517578125,4
1733488592.7797055,0.344970703125,0.9080810546875,-0.2298583984375,1.8920897245407104,7.751464366912842,1.03759765625,4
1733488592.9005966,0.361328125,0.91259765625,-0.2078857421875,1.220703125,6.042479991912842,1.0986328125,4
1733488593.0207355,0.3837890625,0.8790283203125,-0.2301025390625,-6.225585460662842,-5.737304210662842,-0.7934569716453552,4
1733488593.1405127,0.354736328125,0.8824462890625,-0.2628173828125,-13.854979515075684,0.6103515625,-4.150390625,4
1733488593.3192024,0.314453125,0.8214111328125,-0.5838623046875,-63.598628997802734,36.62109375,1.8310545682907104,4
1733488593.3203137,0.3992919921875,0.93994140625,-1.1622314453125,-218.74998474121094,75.74462890625,-10.498045921325684,4
1733488593.440007,0.440673828125,0.7747802734375,-1.4888916015625,-323.3642272949219,70.1904296875,-4.57763671875,4
1733488593.6199524,0.2738037109375,0.0953369140625,-0.8856201171875,-352.6611022949219,-33.38623046875,-38.57421875,4
1733488593.679753,0.12353515625,-0.2850341796875,-0.001953125,-214.05027770996094,-19.287109375,-60.791011810302734,4
1733488593.8594573,-0.498291015625,-0.4378662109375,-0.3255615234375,36.80419921875,-17.08984375,30.029294967651367,4
1733488593.9200666,0.0404052734375,-0.6927490234375,-0.372802734375,117.00438690185547,6.958007335662842,29.968259811401367,4
1733488594.099679,0.0029296875,-0.3970947265625,-0.7216796875,187.19480895996094,16.845703125,31.677244186401367,4
1733488594.2200701,0.10595703125,0.01708984375,-0.8409423828125,220.09275817871094,-26.062009811401367,49.743648529052734,4
1733488594.2808075,0.0438232421875,0.6583251953125,-1.003662109375,275.390625,52.856441497802734,76.72119140625,4
1733488594.4001706,0.843505859375,1.1326904296875,-0.8004150390625,282.2265625,-96.43553924560547,24.841306686401367,4
1733488594.5198994,0.494873046875,0.6986083984375,-0.634765625,99.91454315185547,127.56346893310547,10.864256858825684,4
1733488594.64038,0.417236328125,0.7994384765625,-0.3922119140625,25.695798873901367,-8.1787109375,-8.056640625,4
1733488594.7604148,0.3138427734375,0.875732421875,-0.3603515625,14.465331077575684,-12.145995140075684,-8.36181640625,4
1733488594.9407308,0.2874755859375,0.9107666015625,-0.2786865234375,-18.12744140625,15.747069358825684,-0.9155272841453552,4
1733488595.0002353,0.4051513671875,0.888916015625,-0.2113037109375,-20.507810592651367,10.864256858825684,-0.6713866591453552,4
1733488595.1800702,0.542724609375,0.8394775390625,-0.2015380859375,-16.2353515625,11.474608421325684,0.1220703050494194,4
1733488595.3005893,0.3516845703125,0.8697509765625,-0.2630615234375,-2.50244140625,-13.732909202575684,0.9765624403953552,4
1733488595.9097033,0.35693359375,0.873291015625,-0.292236328125,2.13623046875,-15.441893577575684,1.03759765625,5
1733488595.910717,0.3155517578125,0.8818359375,-0.303466796875,4.2724609375,-3.295898199081421,1.6479490995407104,5
1733488595.9108539,0.35498046875,0.8724365234375,-0.3050537109375,-2.868652105331421,18.61572265625,-0.0610351525247097,5
1733488595.911903,0.320068359375,0.8846435546875,-0.2889404296875,-5.432128429412842,-6.286620616912842,0.3662109076976776,5
1733488595.9120684,0.3448486328125,0.8702392578125,-0.2789306640625,-0.30517578125,-1.2817381620407104,0.0,5
1733488595.9600098,0.328857421875,0.87744140625,-0.301513671875,1.220703125,-2.685546636581421,0.7934569716453552,5
1733488596.079914,0.3629150390625,0.8638916015625,-0.2882080078125,0.0610351525247097,-2.868652105331421,0.8544921278953552,5
1733488596.1999028,0.338623046875,0.8780517578125,-0.3009033203125,-2.50244140625,-3.845214605331421,2.807616949081421,5
1733488596.3195293,0.3583984375,0.88330078125,-0.291748046875,-5.371093273162842,1.15966796875,1.5869139432907104,5
1733488596.4400127,0.376220703125,0.86767578125,-0.2843017578125,-1.4038084745407104,-5.981444835662842,-0.4882812201976776,5
1733488596.5605888,0.3179931640625,0.8870849609375,-0.301025390625,0.9765624403953552,0.4882812201976776,0.3662109076976776,5
1733488596.6800654,0.3673095703125,0.869140625,-0.3157958984375,-7.995604991912842,-9.033203125,1.5258787870407104,5
1733488596.8001506,0.3385009765625,0.7803955078125,-0.4986572265625,-61.706539154052734,13.366698265075684,14.892577171325684,5
1733488596.919066,0.4610595703125,0.756591796875,-1.1336669921875,-196.89939880371094,46.508785247802734,-26.489255905151367,5
1733488597.0998669,0.4012451171875,0.773193359375,-1.322998046875,-291.259765625,60.363765716552734,-28.137205123901367,5
1733488597.1595821,0.1278076171875,0.2939453125,-0.9273681640625,-301.3916015625,82.64159393310547,-31.311033248901367,5
1733488597.2798648,0.24755859375,-0.19140625,-0.749755859375,-233.27635192871094,98.20555877685547,4.82177734375,5
1733488597.3999074,-0.643798828125,-0.2315673828125,-0.1397705078125,-13.000487327575684,-105.95702362060547,26.367185592651367,5
1733488597.5202665,-0.033935546875,-0.7939453125,-0.4122314453125,73.8525390625,-85.63231658935547,-2.13623046875,5
1733488597.7002926,-0.0035400390625,-0.487060546875,-0.412841796875,168.51805114746094,17.27294921875,36.4990234375,5
1733488597.7607858,-0.3538818359375,-0.0374755859375,-0.9161376953125,228.14939880371094,-2.01416015625,43.395992279052734,5
1733488597.8800614,0.8387451171875,0.4385986328125,-0.7781982421875,262.51220703125,19.6533203125,-11.047362327575684,5
1733488598.1800983,1.0830078125,0.4705810546875,-1.0615234375,212.03611755371094,-156.73828125,-114.01366424560547,5
1733488598.2396717,0.7965087890625,0.6912841796875,-0.5726318359375,140.380859375,-76.84326171875,28.625486373901367,5
1733488598.2417567,0.240966796875,0.890869140625,-0.489013671875,58.715816497802734,6.164550304412842,-10.437010765075684,5
1733488598.3607185,0.377197265625,0.8729248046875,-0.4053955078125,44.494625091552734,8.36181640625,0.1220703050494194,5
1733488598.5400403,0.314697265625,0.8685302734375,-0.3045654296875,-8.4228515625,-11.108397483825684,-3.479003667831421,5
1733488598.6601343,0.3609619140625,0.913818359375,-0.2342529296875,-28.808591842651367,-41.198726654052734,-1.7700194120407104,5
1733488598.7207582,0.52392578125,0.8428955078125,-0.160400390625,-15.624999046325684,0.1220703050494194,1.7089842557907104,5
1733488598.8394861,0.38671875,0.8607177734375,-0.2061767578125,-11.291502952575684,-17.08984375,-0.8544921278953552,5
1733488599.4257753,0.3045654296875,0.9014892578125,-0.2606201171875,0.6103515625,9.09423828125,-1.03759765625,6
1733488599.427338,0.2723388671875,0.893798828125,-0.2586669921875,-3.173827886581421,-15.136717796325684,2.0751953125,6
1733488599.4280162,0.334228515625,0.879150390625,-0.2755126953125,0.7934569716453552,-2.38037109375,3.906249761581421,6
1733488599.4285889,0.335693359375,0.88720703125,-0.27001953125,-0.9155272841453552,-4.638671875,2.0751953125,6
1733488599.4392343,0.305419921875,0.901611328125,-0.2623291015625,-1.3427733182907104,-1.03759765625,1.8310545682907104,6
1733488599.5601823,0.30419921875,0.89990234375,-0.255859375,0.0,4.94384765625,0.6713866591453552,6
1733488599.6798224,0.3453369140625,0.8914794921875,-0.2611083984375,-1.6479490995407104,1.2817381620407104,0.9765624403953552,6
1733488599.8606832,0.3358154296875,0.8955078125,-0.25634765625,-2.746581792831421,-6.164550304412842,0.1831054538488388,6
1733488599.9203715,0.3072509765625,0.9014892578125,-0.2596435546875,0.0,-3.479003667831421,-0.3662109076976776,6
1733488600.0396497,0.317626953125,0.89111328125,-0.2781982421875,1.4038084745407104,0.1220703050494194,0.0,6
1733488600.160536,0.3017578125,0.8831787109375,-0.294677734375,-9.21630859375,-16.9677734375,-0.7934569716453552,6
1733488600.3992724,0.35595703125,0.770751953125,-0.4884033203125,-57.189937591552734,9.8876953125,-8.60595703125,6
1733488600.4003003,0.494140625,0.7708740234375,-1.265380859375,-228.69871520996094,62.377925872802734,-33.0810546875,6
1733488600.5200415,0.4031982421875,0.8115234375,-1.2896728515625,-312.19482421875,66.22314453125,-0.6103515625,6
1733488600.6401987,0.29345703125,0.2896728515625,-0.902099609375,-305.5419921875,115.35643768310547,-16.54052734375,6
1733488600.8791153,-0.1632080078125,-0.2647705078125,0.000244140625,-208.61814880371094,12.756346702575684,5.310058116912842,6
1733488600.880158,-0.5,-0.52392578125,-0.41943359375,80.81053924560547,164.91697692871094,44.128414154052734,6
1733488600.9994109,0.1431884765625,-0.6419677734375,-0.4072265625,94.72655487060547,-70.4345703125,15.441893577575684,6
1733488601.120675,0.1064453125,-0.434814453125,-0.5904541015625,169.73875427246094,0.9765624403953552,41.748043060302734,6
1733488601.2401884,0.4371337890625,0.0257568359375,-0.65771484375,208.12986755371094,-70.3125,68.05419921875,6
1733488601.360733,0.8533935546875,0.3411865234375,-1.3387451171875,191.34519958496094,-127.07518768310547,41.992183685302734,6
1733488601.4802933,0.14501953125,1.1517333984375,-1.1978759765625,178.28367614746094,-104.73632049560547,38.4521484375,6
1733488601.6001205,0.190185546875,1.0853271484375,-0.697509765625,127.62450408935547,-123.96239471435547,31.555173873901367,6
1733488601.780701,0.3531494140625,0.88330078125,-0.46142578125,43.945308685302734,45.776363372802734,3.540038824081421,6
1733488601.8404412,0.3828125,0.8262939453125,-0.3800048828125,33.935546875,62.255855560302734,0.7934569716453552,6
1733488601.9608922,0.3863525390625,0.8468017578125,-0.309326171875,-23.315427780151367,-42.480464935302734,-4.638671875,6
1733488602.0803752,0.1968994140625,0.948486328125,-0.218017578125,-5.859374523162842,13.427733421325684,2.25830078125,6
1733488602.200442,0.349609375,0.948974609375,-0.1658935546875,-8.97216796875,4.94384765625,2.624511480331421,6
1733488602.320595,0.26171875,0.923583984375,-0.2503662109375,2.0751953125,2.50244140625,-4.0283203125,6
1733488602.9418292,0.2706298828125,0.9219970703125,-0.25927734375,-3.234863042831421,-0.8544921278953552,1.220703125,7
1733488602.942948,0.375244140625,0.8765869140625,-0.254638671875,0.2441406100988388,-3.479003667831421,0.54931640625,7
1733488602.943121,0.3173828125,0.907470703125,-0.240966796875,-10.437010765075684,-0.7324218153953552,0.8544921278953552,7
1733488602.943121,0.4754638671875,0.8663330078125,-0.1795654296875,-6.469726085662842,-2.44140625,4.8828125,7
1733488602.980065,0.3604736328125,0.894287109375,-0.2342529296875,1.7089842557907104,6.042479991912842,-0.6103515625,7
1733488603.0398855,0.29541015625,0.8902587890625,-0.26806640625,-0.54931640625,-5.493163585662842,3.601073980331421,7
1733488603.1599293,0.3543701171875,0.8902587890625,-0.2508544921875,2.197265625,3.540038824081421,-0.30517578125,7
1733488603.3398407,0.2877197265625,0.8900146484375,-0.2664794921875,-2.38037109375,-2.38037109375,0.1831054538488388,7
1733488603.400279,0.2825927734375,0.9144287109375,-0.26513671875,-2.38037109375,-2.197265625,2.624511480331421,7
1733488603.5200562,0.2918701171875,0.899658203125,-0.260498046875,2.25830078125,22.949216842651367,0.9765624403953552,7
1733488603.6402535,0.3170166015625,0.898193359375,-0.2747802734375,4.82177734375,8.30078125,0.9765624403953552,7
1733488603.760129,0.28564453125,0.901611328125,-0.2811279296875,-6.530761241912842,-9.6435546875,3.173827886581421,7
1733488603.879903,0.316162109375,0.8204345703125,-0.45751953125,-45.593257904052734,-59.020992279052734,1.2817381620407104,7
1733488604.0002472,0.250244140625,0.827392578125,-0.94677734375,-159.48486328125,35.09521484375,-41.442867279052734,7
1733488604.1797435,0.4296875,0.9208984375,-1.6729736328125,-318.7255859375,135.43701171875,-29.602048873901367,7
1733488604.359954,0.24853515625,0.490966796875,-1.21044921875,-342.4682312011719,98.02245330810547,-9.09423828125,7
1733488604.3611164,0.11181640625,0.0198974609375,-0.4107666015625,-235.47361755371094,24.658201217651367,-7.202147960662842,7
1733488604.4196885,-0.4398193359375,-0.234375,0.0838623046875,-32.2265625,-54.809566497802734,2.01416015625,7
1733488604.7204251,0.27685546875,-0.745361328125,-0.4266357421875,113.28124237060547,-27.648923873901367,21.240232467651367,7
1733488604.7214315,0.2762451171875,-0.3817138671875,-0.8350830078125,171.56980895996094,2.197265625,41.381832122802734,7
1733488604.780744,-0.048583984375,-0.1876220703125,-0.5428466796875,206.84812927246094,-44.494625091552734,91.18651580810547,7
1733488604.8997722,0.6346435546875,0.289306640625,-1.2528076171875,186.09617614746094,-49.255367279052734,51.330562591552734,7
1733488605.019744,0.511962890625,0.673828125,-0.947509765625,182.12889099121094,-161.13279724121094,42.053218841552734,7
1733488605.1403115,0.437255859375,1.0518798828125,-0.7359619140625,175.17088317871094,-101.98973846435547,39.6728515625,7
1733488605.2607117,0.5391845703125,0.793212890625,-0.388427734375,32.77587890625,6.042479991912842,0.1220703050494194,7
1733488605.380501,0.3359375,0.8289794921875,-0.383056640625,8.36181640625,7.446288585662842,-4.8828125,7
1733488605.5602193,0.241943359375,0.951171875,-0.2529296875,-20.01953125,9.70458984375,-3.845214605331421,7
1733488605.6200182,0.34423828125,0.9039306640625,-0.191650390625,-22.399900436401367,-6.286620616912842,-3.295898199081421,7
1733488605.799795,0.253662109375,0.9415283203125,-0.22802734375,-9.33837890625,13.061522483825684,-1.03759765625,7
1733488605.8602734,0.5360107421875,0.8441162109375,-0.1942138671875,13.732909202575684,10.314940452575684,8.36181640625,7
1733488606.4620986,0.34716796875,0.8707275390625,-0.2706298828125,3.784179449081421,7.324218273162842,2.50244140625,8
1733488606.4630997,0.3746337890625,0.895751953125,-0.250244140625,-4.57763671875,-7.568358898162842,0.3662109076976776,8
1733488606.4637399,0.3260498046875,0.8922119140625,-0.251708984375,-3.662109136581421,-8.056640625,-0.4272460639476776,8
1733488606.4642408,0.3172607421875,0.913818359375,-0.2586669921875,-1.15966796875,3.051757574081421,1.5869139432907104,8
1733488606.4647865,0.3536376953125,0.889404296875,-0.256591796875,2.3193359375,-1.7700194120407104,-1.15966796875,8
1733488606.5790532,0.334716796875,0.87548828125,-0.2657470703125,0.4882812201976776,-3.051757574081421,-1.5869139432907104,8
1733488606.6992464,0.3199462890625,0.9049072265625,-0.2371826171875,2.807616949081421,-0.7934569716453552,1.7700194120407104,8
1733488606.8207836,0.3199462890625,0.868408203125,-0.253173828125,0.6103515625,-0.1220703050494194,1.15966796875,8
1733488607.000452,0.32568359375,0.8968505859375,-0.2386474609375,-4.39453125,-2.3193359375,1.4038084745407104,8
1733488607.0599513,0.3485107421875,0.9012451171875,-0.214599609375,-0.4272460639476776,1.8310545682907104,-1.5869139432907104,8
1733488607.1797872,0.29296875,0.891845703125,-0.2545166015625,0.30517578125,-2.44140625,0.2441406100988388,8
1733488607.3596191,0.36865234375,0.9024658203125,-0.2069091796875,2.807616949081421,-8.72802734375,0.1831054538488388,8
1733488607.419651,0.3157958984375,0.85302734375,-0.31884765625,-4.45556640625,-0.30517578125,-0.1831054538488388,8
1733488607.539579,0.375,0.7852783203125,-0.675537109375,-97.04589080810547,43.457027435302734,-14.831542015075684,8
1733488607.6600008,0.4278564453125,1.0040283203125,-1.0692138671875,-232.48289489746094,19.53125,-46.325679779052734,8
1733488607.8392034,0.541259765625,0.70556640625,-1.328125,-303.1005859375,70.1904296875,-47.302242279052734,8
1733488607.9588416,0.7650146484375,0.0250244140625,-0.60107421875,-293.39599609375,57.617183685302734,-57.128902435302734,8
1733488608.0199282,0.060791015625,-0.190185546875,-0.4498291015625,-177.85643005371094,70.61767578125,-53.955074310302734,8
1733488608.1405084,-0.2725830078125,-0.4637451171875,-0.2596435546875,22.094724655151367,-77.7587890625,5.859374523162842,8
1733488608.3193424,0.512939453125,-0.6998291015625,-0.2618408203125,118.16405487060547,-18.98193359375,27.893064498901367,8
1733488608.379731,0.061767578125,-0.2420654296875,-0.76123046875,192.87107849121094,29.174802780151367,85.93749237060547,8
1733488608.499794,0.3267822265625,0.357666015625,-1.4759521484375,214.66062927246094,-49.194332122802734,80.13916015625,8
1733488608.7402987,0.0555419921875,1.017333984375,-1.023193359375,262.5732421875,119.14061737060547,148.49853515625,8
1733488608.741279,0.5601806640625,1.19970703125,-0.7188720703125,259.1552734375,13.244627952575684,33.87451171875,8
1733488608.8598118,0.3660888671875,0.6553955078125,-0.5357666015625,98.14452362060547,59.143062591552734,13.854979515075684,8
1733488608.9807289,0.20068359375,0.9229736328125,-0.4189453125,-17.9443359375,-2.685546636581421,-3.784179449081421,8
1733488609.159777,0.3704833984375,0.882080078125,-0.34326171875,-14.892577171325684,-12.817381858825684,-2.990722417831421,8
1733488609.220114,0.3775634765625,0.8780517578125,-0.2833251953125,-30.883787155151367,13.427733421325684,-10.009765625,8
1733488609.3404746,0.36865234375,0.8748779296875,-0.2694091796875,-16.41845703125,16.11328125,-6.347655773162842,8
1733488609.9772885,0.35498046875,0.87646484375,-0.2786865234375,-4.150390625,11.596678733825684,-0.6713866591453552,9
1733488609.9788518,0.376708984375,0.857666015625,-0.301025390625,3.540038824081421,-0.1831054538488388,3.784179449081421,9
1733488609.9788518,0.401123046875,0.8397216796875,-0.3389892578125,8.23974609375,4.150390625,4.150390625,9
1733488609.9788518,0.449462890625,0.802734375,-0.345703125,-1.15966796875,11.474608421325684,-0.2441406100988388,9
1733488609.9800723,0.36328125,0.854736328125,-0.333740234375,-1.7700194120407104,-3.601073980331421,-0.6713866591453552,9
1733488610.059748,0.366943359375,0.850830078125,-0.309326171875,0.4882812201976776,-2.746581792831421,1.220703125,9
1733488610.1795914,0.385009765625,0.846923828125,-0.31689453125,4.45556640625,2.746581792831421,-0.1220703050494194,9
1733488610.299445,0.407470703125,0.84228515625,-0.311767578125,5.065917491912842,9.33837890625,-3.234863042831421,9
1733488610.4201052,0.363525390625,0.8603515625,-0.3369140625,0.7324218153953552,-4.82177734375,-0.7324218153953552,9
1733488610.539514,0.38232421875,0.8533935546875,-0.32568359375,-2.38037109375,0.4272460639476776,0.7934569716453552,9
1733488610.6599994,0.349365234375,0.8499755859375,-0.3167724609375,-3.906249761581421,-8.7890625,0.1220703050494194,9
1733488610.7795198,0.3564453125,0.8671875,-0.317138671875,-0.7934569716453552,-2.38037109375,0.4882812201976776,9
1733488610.9586759,0.3741455078125,0.8572998046875,-0.3189697265625,-0.30517578125,-0.2441406100988388,1.03759765625,9
1733488611.0197988,0.37548828125,0.8477783203125,-0.3377685546875,-3.906249761581421,-3.051757574081421,-1.2817381620407104,9
1733488611.13964,0.37353515625,0.767822265625,-0.526611328125,-50.720211029052734,22.277830123901367,-5.615233898162842,9
1733488611.2598414,0.494873046875,0.87060546875,-0.991455078125,-180.78611755371094,89.35546112060547,-26.733396530151367,9
1733488611.3797796,0.615966796875,0.622314453125,-1.590576171875,-308.59375,70.98388671875,-22.216794967651367,9
1733488611.5597239,0.6353759765625,0.1002197265625,-0.6553955078125,-348.1445007324219,-13.671874046325684,-42.175289154052734,9
1733488611.6197646,0.166259765625,-0.3189697265625,-0.2705078125,-206.97019958496094,3.601073980331421,-19.83642578125,9
1733488611.7402651,-0.484619140625,-0.45166015625,-0.3433837890625,7.873534679412842,22.827146530151367,9.033203125,9
1733488611.8597176,-0.171630859375,-0.681396484375,-0.435302734375,78.4912109375,2.807616949081421,17.7001953125,9
1733488611.9794304,-0.2889404296875,-0.4193115234375,-0.632568359375,161.37693786621094,-76.66015625,26.794431686401367,9
1733488612.0999374,0.2445068359375,-0.03466796875,-0.5802001953125,218.44480895996094,-9.21630859375,29.418943405151367,9
1733488612.220492,0.5511474609375,0.4627685546875,-1.585693359375,210.38816833496094,-117.67577362060547,62.561031341552734,9
1733488612.3396838,0.1593017578125,1.1038818359375,-1.1041259765625,209.53367614746094,-157.53173828125,105.04149627685547,9
1733488612.4595997,0.5029296875,0.9708251953125,-0.6558837890625,154.47998046875,-149.71923828125,79.89501953125,9
1733488612.6404366,0.724365234375,0.745361328125,-0.379150390625,30.700681686401367,118.95751190185547,-3.784179449081421,9
1733488612.7595158,0.3970947265625,0.8065185546875,-0.3427734375,29.479978561401367,145.93505859375,-7.507323741912842,9
1733488612.8807309,0.4296875,0.86669921875,-0.2542724609375,-15.075682640075684,-0.1220703050494194,7.019042491912842,9
1733488612.9397197,0.4515380859375,0.836669921875,-0.2156982421875,-30.334470748901367,-41.748043060302734,-0.7934569716453552,9
1733488613.4937775,0.3787841796875,0.8997802734375,-0.2266845703125,-13.061522483825684,-11.962889671325684,-1.220703125,10
1733488613.4954884,0.302734375,0.883544921875,-0.2744140625,-8.056640625,-16.2353515625,0.1220703050494194,10
1733488613.4972334,0.3492431640625,0.8753662109375,-0.2872314453125,-1.03759765625,-2.746581792831421,2.685546636581421,10
1733488613.4972334,0.3623046875,0.8603515625,-0.3106689453125,-5.676269054412842,-3.662109136581421,0.9765624403953552,10
1733488613.5397735,0.3826904296875,0.842041015625,-0.2845458984375,-7.751464366912842,-12.512206077575684,2.0751953125,10
1733488613.6595986,0.3182373046875,0.874755859375,-0.3028564453125,-10.681151390075684,-11.596678733825684,2.0751953125,10
1733488613.779306,0.3330078125,0.8939208984375,-0.289306640625,-1.7089842557907104,-1.8310545682907104,-0.0610351525247097,10
1733488613.9000294,0.30810546875,0.8902587890625,-0.31640625,2.3193359375,6.225585460662842,-0.4882812201976776,10
1733488614.0200095,0.347900390625,0.8597412109375,-0.3118896484375,0.1831054538488388,0.0610351525247097,1.4038084745407104,10
1733488614.0801237,0.35302734375,0.856689453125,-0.3101806640625,-0.6103515625,-1.8920897245407104,2.38037109375,10
1733488614.1993926,0.329833984375,0.8817138671875,-0.3143310546875,-1.8310545682907104,-5.920409679412842,1.3427733182907104,10
1733488614.3197258,0.3621826171875,0.859619140625,-0.3079833984375,0.4272460639476776,1.3427733182907104,1.2817381620407104,10
1733488614.5597389,0.3326416015625,0.8441162109375,-0.392578125,-11.047362327575684,2.25830078125,0.0,10
1733488614.6788797,0.3377685546875,0.8331298828125,-0.891357421875,-137.0849609375,71.35009765625,-14.343260765075684,10
1733488614.680298,0.5693359375,0.74462890625,-1.1986083984375,-247.00926208496094,4.5166015625,-24.047849655151367,10
1733488614.8000004,0.642578125,0.2701416015625,-1.0548095703125,-298.52294921875,28.625486373901367,-33.38623046875,10
1733488614.9792306,0.1817626953125,0.0367431640625,-0.8475341796875,-248.10789489746094,46.142574310302734,-52.612300872802734,10
1733488615.0402637,-0.10595703125,-0.4149169921875,-0.1204833984375,-158.5693359375,69.9462890625,-37.41455078125,10
1733488615.159883,-0.7374267578125,-0.3466796875,-0.347412109375,61.340328216552734,76.416015625,32.5927734375,10
1733488615.2799902,0.0345458984375,-0.582275390625,-0.4776611328125,121.58202362060547,-52.185054779052734,28.503416061401367,10
1733488615.5193038,0.2392578125,-0.325439453125,-0.6956787109375,187.68309020996094,-64.75830078125,47.485347747802734,10
1733488615.5203164,0.685546875,0.052001953125,-0.7703857421875,222.22898864746094,88.98925018310547,73.6083984375,10
1733488615.6993318,1.535400390625,0.244140625,-0.73828125,229.61424255371094,-37.04833984375,7.934569835662842,10
1733488615.7602181,0.5155029296875,1.0303955078125,-0.9307861328125,220.82518005371094,-129.69970703125,65.91796875,10
1733488615.880171,0.0927734375,0.8126220703125,-0.6356201171875,112.91503143310547,36.19384765625,23.010251998901367,10
1733488615.9995618,0.384033203125,0.865966796875,-0.3896484375,15.747069358825684,-18.85986328125,-1.8920897245407104,10
1733488616.1199267,0.400390625,0.842041015625,-0.3326416015625,6.347655773162842,11.047362327575684,-6.408690929412842,10
1733488616.2396195,0.409423828125,0.8631591796875,-0.2344970703125,-29.052732467651367,7.141112804412842,-3.540038824081421,10
1733488616.359965,0.395263671875,0.90966796875,-0.1771240234375,-20.385740280151367,-5.065917491912842,-1.8310545682907104,10
1733488617.0085218,0.3853759765625,0.8704833984375,-0.2261962890625,-8.7890625,-23.254392623901367,-3.906249761581421,11
1733488617.0085218,0.3480224609375,0.890380859375,-0.267333984375,4.69970703125,-1.4038084745407104,-2.990722417831421,11
1733488617.010039,0.3643798828125,0.87548828125,-0.2664794921875,-0.54931640625,-3.295898199081421,0.4882812201976776,11
1733488617.0105867,0.407470703125,0.8604736328125,-0.2640380859375,-0.1220703050494194,4.33349609375,2.624511480331421,11
1733488617.0184093,0.4154052734375,0.8602294921875,-0.25439453125,-1.4038084745407104,5.187987804412842,0.30517578125,11
1733488617.0793025,0.408935546875,0.851318359375,-0.247314453125,-0.9155272841453552,-3.540038824081421,0.0610351525247097,11
1733488617.2591143,0.3919677734375,0.858154296875,-0.2713623046875,-1.220703125,-2.624511480331421,1.0986328125,11
1733488617.439709,0.3651123046875,0.882568359375,-0.281494140625,-1.8310545682907104,1.4038084745407104,0.4882812201976776,11
1733488617.4420176,0.37109375,0.8826904296875,-0.2608642578125,-0.4882812201976776,2.0751953125,0.1831054538488388,11
1733488617.5607314,0.376953125,0.8779296875,-0.2745361328125,-0.54931640625,-4.33349609375,1.4648436307907104,11
1733488617.740051,0.37841796875,0.8497314453125,-0.267333984375,-4.2724609375,-11.169432640075684,4.21142578125,11
1733488617.7995915,0.34375,0.8775634765625,-0.3172607421875,-4.33349609375,-1.03759765625,3.051757574081421,11
1733488617.980047,0.39501953125,0.8226318359375,-0.496826171875,-45.715328216552734,14.160155296325684,-6.042479991912842,11
1733488618.0400953,0.35400390625,0.84619140625,-1.0198974609375,-171.87498474121094,68.115234375,-28.320310592651367,11
1733488618.2189982,0.5052490234375,0.81591796875,-1.370361328125,-282.77587890625,71.71630859375,-23.437498092651367,11
1733488618.2796164,0.2340087890625,0.2391357421875,-1.05322265625,-335.0219421386719,48.156734466552734,-39.85595703125,11
1733488618.398991,0.370849609375,-0.058837890625,-0.4864501953125,-259.09423828125,5.0048828125,-45.776363372802734,11
1733488618.5196538,-0.148681640625,-0.256103515625,0.0443115234375,8.97216796875,-124.38964080810547,7.446288585662842,11
1733488618.6397297,0.2401123046875,-0.690185546875,-0.375732421875,115.60057830810547,-50.781246185302734,28.442380905151367,11
1733488618.8800151,-0.0350341796875,-0.175048828125,-0.672607421875,213.19578552246094,42.175289154052734,67.81005859375,11
1733488618.8822267,0.3656005859375,0.1524658203125,-0.57373046875,248.04685974121094,-111.93846893310547,27.832029342651367,11
1733488619.17941,1.212646484375,0.36962890625,-0.7735595703125,254.02830505371094,-1.4648436307907104,42.724605560302734,11
1733488619.2390306,0.85693359375,0.898193359375,-0.70458984375,196.10594177246094,-158.5693359375,58.532711029052734,11
1733488619.2410338,0.1932373046875,0.83056640625,-0.5889892578125,105.71288299560547,72.021484375,4.57763671875,11
1733488619.3596969,0.2587890625,0.860595703125,-0.35693359375,8.11767578125,-10.314940452575684,-0.3662109076976776,11
1733488619.4793746,0.47412109375,0.849853515625,-0.32568359375,11.535643577575684,20.690916061401367,2.38037109375,11
1733488619.6004405,0.4451904296875,0.8291015625,-0.26220703125,-45.471187591552734,-36.376953125,-3.051757574081421,11
1733488619.7201889,0.351318359375,0.9454345703125,-0.193603515625,-32.16552734375,3.173827886581421,-5.493163585662842,11
1733488619.8398042,0.423828125,0.8780517578125,-0.212646484375,-9.27734375,1.4648436307907104,-0.9765624403953552,11
1733488620.5114338,0.3658447265625,0.88037109375,-0.2196044921875,-4.2724609375,-8.23974609375,0.54931640625,12
1733488620.5129042,0.3673095703125,0.863525390625,-0.2567138671875,7.141112804412842,-2.44140625,3.906249761581421,12
1733488620.5130968,0.353271484375,0.879150390625,-0.27490234375,9.521484375,6.896972179412842,2.563476324081421,12
1733488620.513886,0.344970703125,0.868896484375,-0.3009033203125,7.080077648162842,13.000487327575684,1.0986328125,12
1733488620.514902,0.4049072265625,0.86328125,-0.2554931640625,-6.713866710662842,13.854979515075684,-0.6713866591453552,12
1733488620.5599082,0.4132080078125,0.846435546875,-0.255615234375,2.0751953125,5.310058116912842,1.5869139432907104,12
1733488620.6795278,0.330322265625,0.8983154296875,-0.28564453125,-3.784179449081421,7.751464366912842,0.1220703050494194,12
1733488620.7997084,0.361328125,0.8790283203125,-0.2708740234375,1.4038084745407104,5.432128429412842,0.6103515625,12
1733488620.92072,0.37744140625,0.856201171875,-0.2806396484375,-1.2817381620407104,-0.8544921278953552,0.8544921278953552,12
1733488621.039847,0.3604736328125,0.864501953125,-0.284423828125,-1.9531248807907104,-2.624511480331421,1.220703125,12
1733488621.1603587,0.33935546875,0.8760986328125,-0.2784423828125,-1.15966796875,-0.1831054538488388,1.03759765625,12
1733488621.339526,0.3603515625,0.8743896484375,-0.282470703125,-1.3427733182907104,0.9765624403953552,0.9765624403953552,12
1733488621.4595218,0.334716796875,0.828125,-0.4671630859375,-30.639646530151367,3.906249761581421,-2.25830078125,12
1733488621.5189424,0.513671875,0.86328125,-1.075439453125,-195.73973083496094,49.987789154052734,-42.785640716552734,12
1733488621.6391125,0.61767578125,0.911865234375,-1.595458984375,-320.61767578125,88.50096893310547,-70.068359375,12
1733488621.7598047,0.33447265625,0.3299560546875,-0.92431640625,-352.1728210449219,21.789548873901367,-69.76318359375,12
1733488621.8791327,0.1417236328125,-0.117919921875,-0.3251953125,-230.52976989746094,30.761716842651367,-59.936519622802734,12
1733488621.9998972,-0.2760009765625,-0.395751953125,-0.07568359375,35.888671875,-128.41796875,7.202147960662842,12
1733488622.1197455,0.1524658203125,-0.715576171875,-0.4144287109375,93.07860565185547,-60.363765716552734,23.437498092651367,12
1733488622.30021,0.0885009765625,-0.3138427734375,-0.4813232421875,191.40623474121094,8.97216796875,65.12451171875,12
1733488622.41977,0.485595703125,0.041748046875,-1.0162353515625,237.97605895996094,70.4345703125,30.517576217651367,12
1733488622.7190237,-0.8375244140625,0.8701171875,-1.487548828125,212.76853942871094,-87.82958221435547,125.30516815185547,12
1733488622.838976,0.006591796875,1.4638671875,-0.851806640625,226.62351989746094,-74.70703125,98.63280487060547,12
1733488622.8406265,0.356689453125,0.803955078125,-0.663818359375,123.41307830810547,46.752925872802734,24.169919967651367,12
1733488622.842068,0.3258056640625,0.862060546875,-0.412841796875,7.934569835662842,15.624999046325684,-6.042479991912842,12
1733488623.020096,0.3692626953125,0.8477783203125,-0.286376953125,1.8920897245407104,5.859374523162842,-1.7700194120407104,12
1733488623.0799675,0.4251708984375,0.8704833984375,-0.2144775390625,-15.869139671325684,4.150390625,0.9155272841453552,12
1733488623.260268,0.3253173828125,0.92333984375,-0.2059326171875,-15.624999046325684,-0.4272460639476776,-2.44140625,12
1733488623.3198516,0.3389892578125,0.931884765625,-0.2071533203125,-5.798339366912842,0.54931640625,-0.6103515625,12
1733488624.0417278,0.4305419921875,0.87109375,-0.2088623046875,0.54931640625,-0.7934569716453552,0.9765624403953552,13
1733488624.0427628,0.3988037109375,0.8590087890625,-0.199951171875,1.5258787870407104,-4.0283203125,0.9155272841453552,13
1733488624.043794,0.3885498046875,0.9085693359375,-0.205322265625,-2.50244140625,-4.8828125,-2.685546636581421,13
1733488624.043794,0.3963623046875,0.911865234375,-0.2166748046875,2.50244140625,-12.756346702575684,0.2441406100988388,13
1733488624.0447786,0.4093017578125,0.8453369140625,-0.2235107421875,6.408690929412842,-20.874021530151367,0.9155272841453552,13
1733488624.0988688,0.08935546875,1.150634765625,-0.2613525390625,-11.596678733825684,-19.6533203125,-8.11767578125,13
1733488624.1597147,0.2142333984375,0.8197021484375,-0.1778564453125,-2.929687261581421,-16.05224609375,-5.310058116912842,13
1733488624.2796502,0.3028564453125,0.9627685546875,-0.1605224609375,-0.4272460639476776,17.63916015625,-3.540038824081421,13
1733488624.3999102,0.4249267578125,0.9013671875,-0.16015625,-0.4272460639476776,7.263183116912842,4.57763671875,13
1733488624.5197637,0.40966796875,0.8765869140625,-0.1995849609375,-3.906249761581421,-4.08935546875,-0.0610351525247097,13
1733488624.6400142,0.3349609375,0.9173583984375,-0.18994140625,-2.197265625,2.13623046875,-1.7089842557907104,13
1733488624.7596166,0.414794921875,0.8680419921875,-0.1849365234375,-0.3662109076976776,4.0283203125,0.1831054538488388,13
1733488624.9987552,0.3468017578125,0.8426513671875,-0.3853759765625,-25.329587936401367,21.850584030151367,-0.9155272841453552,13
1733488625.059217,0.60009765625,0.810791015625,-0.88134765625,-161.92625427246094,50.964351654052734,-29.602048873901367,13
1733488625.1195343,0.614013671875,0.968017578125,-1.622802734375,-333.3739929199219,74.52392578125,-81.23778533935547,13
1733488625.2393644,0.685302734375,0.3729248046875,-1.1085205078125,-376.7699890136719,10.437010765075684,-111.02294158935547,13
1733488625.3597252,0.3836669921875,0.0067138671875,-0.277587890625,-283.8134765625,32.958984375,-105.28563690185547,13
1733488625.4791687,-0.799560546875,-0.1683349609375,-0.291015625,52.551265716552734,-7.141112804412842,72.93701171875,13
1733488625.5997317,0.1251220703125,-0.54931640625,-0.37451171875,152.7099609375,-41.625972747802734,50.842281341552734,13
1733488625.720518,0.2001953125,-0.2523193359375,-0.71337890625,240.60057067871094,27.404783248901367,76.5380859375,13
1733488625.8397582,0.4761962890625,0.1470947265625,-0.5716552734375,268.1884765625,-24.414060592651367,101.13524627685547,13
1733488625.9598145,1.1162109375,0.418701171875,-1.20361328125,177.18504333496094,-209.77781677246094,54.931636810302734,13
1733488626.0801153,0.67333984375,1.0667724609375,-0.8206787109375,162.47557067871094,-114.44091033935547,48.767086029052734,13
1733488626.2003105,0.3402099609375,0.853759765625,-0.5250244140625,60.363765716552734,44.250484466552734,-0.4882812201976776,13
1733488626.260861,0.3045654296875,0.7437744140625,-0.34228515625,18.24951171875,23.925779342651367,-3.234863042831421,13
1733488626.6205976,0.3189697265625,0.860107421875,-0.259521484375,-3.356933355331421,13.977049827575684,-5.249022960662842,13
1733488626.623198,0.3826904296875,0.9281005859375,-0.203369140625,-1.3427733182907104,15.380858421325684,3.356933355331421,13
1733488626.6235464,0.5523681640625,0.72021484375,-0.2049560546875,-0.54931640625,-30.395505905151367,9.94873046875,13
1733488626.740341,0.506591796875,0.65771484375,-0.1121826171875,5.126952648162842,28.564451217651367,-0.4882812201976776,13
1733488626.8595252,0.51123046875,1.1064453125,-0.21240234375,12.939452171325684,3.906249761581421,2.929687261581421,13
1733488626.9804068,0.3897705078125,0.889404296875,-0.276123046875,31.555173873901367,4.2724609375,3.051757574081421,13
1733488627.572856,0.2628173828125,0.84619140625,-0.2364501953125,-10.864256858825684,2.685546636581421,-0.30517578125,14
1733488627.5743659,0.2540283203125,0.9073486328125,-0.2266845703125,-10.253905296325684,-0.4882812201976776,-1.4648436307907104,14
1733488627.5743659,0.3468017578125,0.9422607421875,-0.21044921875,-2.868652105331421,13.549803733825684,-0.6103515625,14
1733488627.5753896,0.3602294921875,0.870361328125,-0.2310791015625,-8.6669921875,-5.371093273162842,-1.6479490995407104,14
1733488627.6400313,0.1898193359375,0.9599609375,-0.2288818359375,1.7089842557907104,10.559081077575684,-0.1831054538488388,14
1733488627.7590313,0.388671875,0.8927001953125,-0.219970703125,1.03759765625,14.282225608825684,4.08935546875,14
1733488627.8196235,0.4185791015625,0.8475341796875,-0.218017578125,-2.50244140625,-4.39453125,-0.6103515625,14
1733488627.999858,0.2508544921875,0.927734375,-0.247314453125,-0.4882812201976776,1.6479490995407104,0.6103515625,14
1733488628.3007798,0.31396484375,0.921875,-0.2523193359375,-0.54931640625,5.676269054412842,4.33349609375,14
1733488628.4185433,0.3702392578125,0.8536376953125,-0.26318359375,-5.859374523162842,-5.676269054412842,1.5258787870407104,14
1733488628.4200335,0.27734375,0.8359375,-0.537353515625,-37.53662109375,13.854979515075684,-0.6103515625,14
1733488628.4210176,0.471923828125,0.90380859375,-1.0914306640625,-215.14891052246094,31.433103561401367,-14.648436546325684,14
1733488628.5402806,0.5655517578125,0.9393310546875,-1.607666015625,-343.8720397949219,80.078125,-43.212886810302734,14
1733488628.6600227,0.4427490234375,0.4761962890625,-0.85009765625,-360.2904968261719,51.940914154052734,-86.60887908935547,14
1733488628.7795782,0.34033203125,-0.1317138671875,0.4969482421875,-203.73533630371094,-40.710445404052734,-66.34521484375,14
1733488628.8992314,-0.0367431640625,-0.55322265625,-0.1890869140625,130.31005859375,133.97216796875,62.011714935302734,14
1733488629.079089,0.1334228515625,-0.4761962890625,-0.5653076171875,192.07762145996094,43.029781341552734,40.649410247802734,14
1733488629.1395237,0.4544677734375,-0.2237548828125,-0.55078125,231.26219177246094,-56.030269622802734,56.152339935302734,14
1733488629.2597916,0.8629150390625,0.23291015625,-1.03173828125,220.39793395996094,-146.728515625,65.185546875,14
1733488629.4394977,0.156005859375,1.22021484375,-1.1370849609375,227.47801208496094,-178.95506286621094,64.02587890625,14
1733488629.4996517,0.04638671875,0.9443359375,-0.7708740234375,133.23974609375,-89.11132049560547,74.89013671875,14
1733488629.6204622,0.4586181640625,0.816650390625,-0.3878173828125,38.26904296875,15.808104515075684,4.21142578125,14
1733488629.7400374,0.313720703125,0.8514404296875,-0.3326416015625,3.173827886581421,11.108397483825684,-10.437010765075684,14
1733488629.8594592,0.3277587890625,0.9105224609375,-0.1666259765625,-18.49365234375,22.216794967651367,-10.375975608825684,14
1733488629.9796932,0.443359375,0.916259765625,-0.1873779296875,-22.460935592651367,-3.540038824081421,-3.601073980331421,14
1733488630.159594,0.3660888671875,0.883056640625,-0.2470703125,-21.240232467651367,6.347655773162842,-2.3193359375,14
1733488630.2192655,0.38232421875,0.8740234375,-0.2086181640625,2.50244140625,16.41845703125,2.44140625,14
1733488630.3395293,0.409423828125,0.8857421875,-0.2470703125,-8.48388671875,-4.638671875,3.723144292831421,14
1733488630.5202641,0.4066162109375,0.8814697265625,-0.2154541015625,5.126952648162842,2.807616949081421,1.6479490995407104,14
1733488630.5796125,0.4468994140625,0.865966796875,-0.255126953125,0.9765624403953552,0.4272460639476776,1.7700194120407104,14
1733488631.0968316,0.42431640625,0.8656005859375,-0.2667236328125,-5.615233898162842,4.45556640625,-0.6103515625,15
1733488631.097831,0.346435546875,0.8768310546875,-0.250244140625,-2.197265625,-3.295898199081421,0.6713866591453552,15
1733488631.097831,0.349609375,0.8729248046875,-0.287353515625,-3.723144292831421,4.94384765625,4.638671875,15
1733488631.0988288,0.4091796875,0.8740234375,-0.2691650390625,-3.662109136581421,-0.8544921278953552,-0.6103515625,15
1733488631.1792438,0.3304443359375,0.88330078125,-0.2677001953125,-2.0751953125,-1.0986328125,0.7324218153953552,15
1733488631.2991838,0.3685302734375,0.8739013671875,-0.2777099609375,2.868652105331421,1.7700194120407104,0.7324218153953552,15
1733488631.479372,0.392822265625,0.865234375,-0.2734375,1.03759765625,1.0986328125,1.4038084745407104,15
1733488631.540032,0.3409423828125,0.88525390625,-0.2874755859375,-2.50244140625,-2.38037109375,-0.7324218153953552,15
1733488631.6602535,0.3463134765625,0.8555908203125,-0.434814453125,-21.728513717651367,15.380858421325684,-1.0986328125,15
1733488631.839544,0.2999267578125,0.823974609375,-0.8814697265625,-126.64794158935547,23.864744186401367,-22.521970748901367,15
1733488631.8995461,0.4232177734375,0.9140625,-1.53857421875,-286.2548828125,14.648436546325684,-53.161617279052734,15
1733488632.019526,0.704345703125,0.44677734375,-1.1962890625,-346.5575866699219,28.320310592651367,-55.236812591552734,15
1733488632.1392343,0.3997802734375,0.0701904296875,-0.568603515625,-300.72021484375,66.89453125,-87.03612518310547,15
1733488632.2593374,0.065673828125,-0.3333740234375,0.429443359375,-85.69335174560547,-22.888181686401367,-38.51318359375,15
1733488632.3789444,-0.2083740234375,-0.6658935546875,-0.1903076171875,128.35693359375,54.199214935302734,57.373043060302734,15
1733488632.4996052,-0.032958984375,-0.4005126953125,-0.5164794921875,203.97947692871094,-73.30322265625,56.518550872802734,15
1733488632.6193957,0.3935546875,-0.0709228515625,-1.152099609375,191.83348083496094,-145.08056640625,100.09764862060547,15
1733488632.740051,0.353759765625,0.991943359375,-1.2752685546875,279.1748046875,87.52440643310547,38.39111328125,15
1733488632.9793844,0.6197509765625,1.2952880859375,-0.7666015625,288.14697265625,-40.649410247802734,66.71142578125,15
1733488632.9819205,1.0718994140625,0.5771484375,-0.40478515625,97.59520721435547,54.443355560302734,33.8134765625,15
1733488633.099554,0.679931640625,0.721435546875,-0.4127197265625,24.353025436401367,48.767086029052734,-7.263183116912842,15
1733488633.2797213,0.322021484375,0.88818359375,-0.246337890625,-31.921384811401367,-7.385253429412842,-7.446288585662842,15
1733488633.339343,0.492919921875,0.8333740234375,-0.189208984375,-25.512693405151367,-4.45556640625,-2.685546636581421,15
1733488633.4595041,0.3758544921875,0.9073486328125,-0.207275390625,-8.056640625,3.173827886581421,0.30517578125,15
1733488633.5796475,0.3988037109375,0.8914794921875,-0.23876953125,5.859374523162842,0.9765624403953552,0.6103515625,15
1733488633.700496,0.4114990234375,0.86328125,-0.2630615234375,5.371093273162842,-1.4648436307907104,0.9155272841453552,15
1733488633.819412,0.353759765625,0.9075927734375,-0.281982421875,14.526366233825684,4.57763671875,0.9765624403953552,15
1733488633.999006,0.37451171875,0.877685546875,-0.2568359375,-0.30517578125,1.5869139432907104,0.3662109076976776,15
1733488634.0599792,0.3743896484375,0.8665771484375,-0.231689453125,-3.906249761581421,-5.371093273162842,-1.220703125,15
1733488634.602294,0.3525390625,0.90771484375,-0.218017578125,0.30517578125,3.784179449081421,-1.0986328125,16
1733488634.6032197,0.40771484375,0.869384765625,-0.2330322265625,-1.7089842557907104,-0.1220703050494194,0.7324218153953552,16
1733488634.6039715,0.37890625,0.8763427734375,-0.252197265625,-2.13623046875,-7.263183116912842,-0.2441406100988388,16
1733488634.6039715,0.3543701171875,0.884521484375,-0.2430419921875,-1.5258787870407104,-1.5258787870407104,1.15966796875,16
1733488634.6591935,0.3829345703125,0.8907470703125,-0.207275390625,7.751464366912842,3.234863042831421,1.4648436307907104,16
1733488634.77911,0.373291015625,0.8658447265625,-0.23779296875,4.39453125,2.929687261581421,0.9155272841453552,16
1733488634.8992043,0.3748779296875,0.8785400390625,-0.247802734375,0.6713866591453552,1.4648436307907104,0.0,16
1733488635.0197794,0.36279296875,0.887451171875,-0.2303466796875,-5.065917491912842,3.173827886581421,-0.3662109076976776,16
1733488635.1402042,0.4036865234375,0.869384765625,-0.216552734375,-1.9531248807907104,-2.197265625,0.2441406100988388,16
1733488635.259312,0.3487548828125,0.896484375,-0.2283935546875,1.03759765625,4.0283203125,0.30517578125,16
1733488635.3797278,0.3917236328125,0.861083984375,-0.2615966796875,-4.33349609375,-0.7324218153953552,0.7934569716453552,16
1733488635.5590956,0.452880859375,0.7579345703125,-0.5577392578125,-72.3876953125,19.287109375,-14.709471702575684,16
1733488635.6190042,0.5506591796875,0.87939453125,-1.095458984375,-209.89988708496094,74.951171875,-41.687007904052734,16
1733488635.798503,0.4681396484375,0.783447265625,-1.55126953125,-316.46728515625,72.08251953125,-55.175777435302734,16
1733488635.9189992,0.5174560546875,0.218017578125,-0.909912109375,-360.2294616699219,54.748531341552734,-46.447750091552734,16
1733488635.979614,0.29736328125,-0.1702880859375,0.0721435546875,-234.25291442871094,34.7900390625,-30.761716842651367,16
1733488636.158946,-0.534912109375,-0.4735107421875,-0.2564697265625,59.692378997802734,19.04296875,31.616209030151367,16
1733488636.219789,0.0169677734375,-0.5977783203125,-0.2315673828125,138.671875,27.526853561401367,24.719236373901367,16
1733488636.460244,-0.031494140625,-0.173095703125,-0.6644287109375,229.24803161621094,-24.719236373901367,50.354000091552734,16
1733488636.4617107,0.828125,0.171875,-1.282958984375,234.13084411621094,-184.38719177246094,46.569820404052734,16
1733488636.6392884,0.236328125,1.091796875,-1.36962890625,226.13523864746094,-151.30615234375,31.799314498901367,16
1733488636.759861,0.1402587890625,1.447509765625,-0.85986328125,174.86570739746094,-149.169921875,124.51171112060547,16
1733488636.8202217,0.6605224609375,0.8045654296875,-0.43701171875,56.823726654052734,126.09862518310547,-3.295898199081421,16
1733488636.939367,0.2783203125,0.9013671875,-0.4278564453125,16.2353515625,21.484373092651367,-2.868652105331421,16
1733488637.0592053,0.4110107421875,0.8421630859375,-0.29296875,-24.658201217651367,3.417968511581421,-5.432128429412842,16
1733488637.179213,0.3812255859375,0.8897705078125,-0.229736328125,-28.076169967651367,15.991209983825684,-6.408690929412842,16
1733488637.3001263,0.3436279296875,0.885986328125,-0.223388671875,-14.221190452575684,-13.610838890075684,-4.21142578125,16
1733488637.479815,0.337158203125,0.8843994140625,-0.2752685546875,-7.324218273162842,-5.676269054412842,-2.44140625,16
1733488637.5993059,0.435546875,0.8336181640625,-0.297119140625,3.173827886581421,-1.7700194120407104,1.3427733182907104,16
1733488638.1027286,0.407470703125,0.8316650390625,-0.311279296875,-1.2817381620407104,-8.23974609375,0.3662109076976776,17
1733488638.1039917,0.41064453125,0.83935546875,-0.30810546875,-5.737304210662842,-8.7890625,1.5258787870407104,17
1733488638.1046813,0.3436279296875,0.873291015625,-0.333251953125,-10.559081077575684,1.9531248807907104,-1.6479490995407104,17
1733488638.104842,0.3582763671875,0.8682861328125,-0.302001953125,-2.50244140625,-6.652831554412842,1.03759765625,17
1733488638.1993215,0.3292236328125,0.886474609375,-0.3104248046875,-1.0986328125,-17.822265625,1.8920897245407104,17
